"cycle","field","n","n_observed","n_missing","percent_missing","minimum","maximum"
"2003-2004","age_years",10122,10122,0,0,0,80
"2003-2004","bmi",10122,8687,1435,14.1770401106501,12.4,64.97
"2003-2004","pir",10122,9535,587,5.79924916024501,0,5
"2003-2004","albumin_g_dl",10122,6492,3630,35.8624777711915,1.9,5.5
"2003-2004","creatinine_mg_dl",10122,6492,3630,35.8624777711915,0.3,13.7
"2003-2004","egfr",10122,6492,3630,35.8624777711915,2.65370906610914,168.358626394955
"2003-2004","pfoa_nmol_l",10122,2094,8028,79.3123888559573,0.241505059530997,186.44190595793
"2003-2004","pfos_nmol_l",10122,2094,8028,79.3123888559573,0.599844040549457,869.773858796713
"2003-2004","pfhxs_nmol_l",10122,2094,8028,79.3123888559573,0.499850044986504,204.938518444467
"2003-2004","pfna_nmol_l",10122,2094,8028,79.3123888559573,0.215480089639717,24.7802103085675
"2003-2004","log2_pfoa",10122,2094,8028,79.3123888559573,-2.0498746810486,7.54258235621948
"2003-2004","log2_pfos",10122,2094,8028,79.3123888559573,-0.737340646122196,9.7644965387801
"2003-2004","log2_pfhxs",10122,2094,8028,79.3123888559573,-1.00043274360397,7.67904735590148
"2003-2004","log2_pfna",10122,2094,8028,79.3123888559573,-2.21437352443645,4.63111652650792
"2003-2004","sum4_pfas_nmol_l",10122,2094,8028,79.3123888559573,1.55667923470668,1019.00104917936
"2003-2004","log2_sum4_pfas",10122,2094,8028,79.3123888559573,0.638471697035494,9.99293982158787
"2003-2004","LBXBPB",10122,8373,1749,17.2791938352104,0.2,68.9
"2003-2004","LBXBCD",10122,8372,1750,17.2890733056708,0.1,7.4
"2003-2004","log2_lead",10122,8373,1749,17.2791938352104,-2.32192809488736,6.10643207781693
"2003-2004","log2_cadmium",10122,8372,1750,17.2890733056708,-3.32192809488736,2.88752527074159
"2003-2004","followup_years",10122,5293,4829,47.7079628531911,0.0416666666666667,17.0833333333333
"2003-2004","death_all",10122,5610,4512,44.5761707172496,0,1
"2005-2006","age_years",10348,10348,0,0,0,80
"2005-2006","bmi",10348,8949,1399,13.5195206803247,11.74,130.21
"2005-2006","pir",10348,9814,534,5.16041747197526,0,5
"2005-2006","albumin_g_dl",10348,6434,3914,37.8237340548898,2.3,5.4
"2005-2006","creatinine_mg_dl",10348,6434,3914,37.8237340548898,0.3752,17.3924
"2005-2006","egfr",10348,6434,3914,37.8237340548898,2.81571367371368,171.644588798552
"2005-2006","pfoa_nmol_l",10348,2120,8228,79.5129493621956,0.169053541671698,96.6020238123989
"2005-2006","pfos_nmol_l",10348,2120,8228,79.5129493621956,0.27992721892308,349.90902365385
"2005-2006","pfhxs_nmol_l",10348,2120,8228,79.5129493621956,0.174947515745276,106.717984604619
"2005-2006","pfna_nmol_l",10348,2120,8228,79.5129493621956,0.150836062747802,33.1839338045165
"2005-2006","log2_pfoa",10348,2120,8228,79.5129493621956,-2.56444785387836,6.59398150872612
"2005-2006","log2_pfos",10348,2120,8228,79.5129493621956,-1.83687631967311,8.45083605987634
"2005-2006","log2_pfhxs",10348,2120,8228,79.5129493621956,-2.51500591643373,6.73765951601652
"2005-2006","log2_pfna",10348,2120,8228,79.5129493621956,-2.72894669726621,5.05241301625845
"2005-2006","sum4_pfas_nmol_l",10348,2120,8228,79.5129493621956,0.774764339087857,409.694867725
"2005-2006","log2_sum4_pfas",10348,2120,8228,79.5129493621956,-0.368170543895482,8.6784060099689
"2005-2006","LBXBPB",10348,8407,1941,18.7572477773483,0.18,55.2
"2005-2006","LBXBCD",10348,8407,1941,18.7572477773483,0.14,10.8
"2005-2006","log2_lead",10348,8407,1941,18.7572477773483,-2.47393118833241,5.78659636189081
"2005-2006","log2_cadmium",10348,8407,1941,18.7572477773483,-2.83650126771712,3.43295940727611
"2005-2006","followup_years",10348,5332,5016,48.4731349052957,0.0833333333333333,15
"2005-2006","death_all",10348,5561,4787,46.2601468882876,0,1
"2007-2008","age_years",10149,10149,0,0,0,80
"2007-2008","bmi",10149,8861,1288,12.6909055079318,12.5,73.43
"2007-2008","pir",10149,9255,894,8.80874963050547,0,5
"2007-2008","albumin_g_dl",10149,6377,3772,37.1662232732289,1.2,5.5
"2007-2008","creatinine_mg_dl",10149,6376,3773,37.176076460735,0.31,8.32
"2007-2008","egfr",10149,6376,3773,37.176076460735,4.91719042712615,180.095224792234
"2007-2008","pfoa_nmol_l",10149,2100,8049,79.3083062370677,0.169053541671698,251.165261912237
"2007-2008","pfos_nmol_l",10149,2100,8049,79.3083062370677,0.27992721892308,505.868474196709
"2007-2008","pfhxs_nmol_l",10149,2100,8049,79.3083062370677,0.174947515745276,203.938818354494
"2007-2008","pfna_nmol_l",10149,2100,8049,79.3083062370677,0.124978451991036,55.4818134804344
"2007-2008","log2_pfoa",10149,2100,8049,79.3083062370677,-2.56444785387836,7.97249313197985
"2007-2008","log2_pfos",10149,2100,8049,79.3083062370677,-1.83687631967311,8.98261852273832
"2007-2008","log2_pfhxs",10149,2100,8049,79.3083062370677,-2.51500591643373,7.67199259836752
"2007-2008","log2_pfna",10149,2100,8049,79.3083062370677,-3.00024871908361,5.79394303929853
"2007-2008","sum4_pfas_nmol_l",10149,2100,8049,79.3083062370677,0.748906728331091,539.196955640486
"2007-2008","log2_sum4_pfas",10149,2100,8049,79.3083062370677,-0.41714204369774,9.07466854071814
"2007-2008","LBXBPB",10149,8266,1883,18.553552074096,0.18,33.1
"2007-2008","LBXBCD",10149,8266,1883,18.553552074096,0.14,8.81
"2007-2008","log2_lead",10149,8266,1883,18.553552074096,-2.47393118833241,5.04875931191986
"2007-2008","log2_cadmium",10149,8266,1883,18.553552074096,-2.83650126771712,3.13914201914569
"2007-2008","followup_years",10149,5989,4160,40.9892600256183,0.0416666666666667,13.25
"2007-2008","death_all",10149,6219,3930,38.7230268992019,0,1
"2009-2010","age_years",10537,10537,0,0,0,80
"2009-2010","bmi",10537,9412,1125,10.6766631868653,12.58,84.87
"2009-2010","pir",10537,9541,996,9.45240580810477,0,5
"2009-2010","albumin_g_dl",10537,6860,3677,34.8960804783145,2.5,5.3
"2009-2010","creatinine_mg_dl",10537,6860,3677,34.8960804783145,0.14,15.66
"2009-2010","egfr",10537,6860,3677,34.8960804783145,3.48404619647453,226.894412770342
"2009-2010","pfoa_nmol_l",10537,2233,8304,78.808009869982,0.169053541671698,57.9612142874393
"2009-2010","pfos_nmol_l",10537,2233,8304,78.808009869982,0.27992721892308,561.853917981325
"2009-2010","pfhxs_nmol_l",10537,2233,8304,78.808009869982,0.174947515745276,111.966410076977
"2009-2010","pfna_nmol_l",10537,2233,8304,78.808009869982,0.124978451991036,41.6997069470781
"2009-2010","log2_pfoa",10537,2233,8304,78.808009869982,-2.56444785387836,5.85701591455992
"2009-2010","log2_pfos",10537,2233,8304,78.808009869982,-1.83687631967311,9.13405126826494
"2009-2010","log2_pfhxs",10537,2233,8304,78.808009869982,-2.51500591643373,6.80692217845363
"2009-2010","log2_pfna",10537,2233,8304,78.808009869982,-3.00024871908361,5.38196533976875
"2009-2010","sum4_pfas_nmol_l",10537,2233,8304,78.808009869982,0.748906728331091,594.87046243166
"2009-2010","log2_sum4_pfas",10537,2233,8304,78.808009869982,-0.41714204369774,9.21643173457582
"2009-2010","LBXBPB",10537,8793,1744,16.5512005314606,0.18,43.52
"2009-2010","LBXBCD",10537,8793,1744,16.5512005314606,0.14,8.67
"2009-2010","log2_lead",10537,8793,1744,16.5512005314606,-2.47393118833241,5.44360665147561
"2009-2010","log2_cadmium",10537,8793,1744,16.5512005314606,-2.83650126771712,3.11603199344711
"2009-2010","followup_years",10537,6346,4191,39.7741292588023,0.0833333333333333,11.25
"2009-2010","death_all",10537,6510,4027,38.2177090253393,0,1
"2011-2012","age_years",9756,9756,0,0,0,80
"2011-2012","bmi",9756,8602,1154,11.8286182861829,12.4,82.1
"2011-2012","pir",9756,8916,840,8.61008610086101,0,5
"2011-2012","albumin_g_dl",9756,5976,3780,38.7453874538745,2.1,5.5
"2011-2012","creatinine_mg_dl",9756,5976,3780,38.7453874538745,0.16,9.51
"2011-2012","egfr",9756,5976,3780,38.7453874538745,5.39721346057956,179.712794860957
"2011-2012","pfoa_nmol_l",9756,1904,7852,80.4838048380484,0.169053541671698,103.847175598329
"2011-2012","pfos_nmol_l",9756,1904,7852,80.4838048380484,0.27992721892308,469.877831763741
"2011-2012","pfhxs_nmol_l",9756,1904,7852,80.4838048380484,0.174947515745276,119.464160751774
"2011-2012","pfna_nmol_l",9756,1904,7852,80.4838048380484,0.12928805378383,174.043268402
"2011-2012","log2_pfoa",9756,1904,7852,80.4838048380484,-2.56444785387836,6.69831816854086
"2011-2012","log2_pfos",9756,1904,7852,80.4838048380484,-1.83687631967311,8.87614189460901
"2011-2012","log2_pfhxs",9756,1904,7852,80.4838048380484,-2.51500591643373,6.90043406437678
"2011-2012","log2_pfna",9756,1904,7852,80.4838048380484,-2.95133911860266,7.44330220475064
"2011-2012","sum4_pfas_nmol_l",9756,1904,7852,80.4838048380484,0.753216330123885,498.167300162257
"2011-2012","log2_sum4_pfas",9756,1904,7852,80.4838048380484,-0.408863816213296,8.96048651556456
"2011-2012","LBXBPB",9756,7920,1836,18.8191881918819,0.18,61.29
"2011-2012","LBXBCD",9756,7920,1836,18.8191881918819,0.11,9.3
"2011-2012","log2_lead",9756,7920,1836,18.8191881918819,-2.47393118833241,5.93757979967966
"2011-2012","log2_cadmium",9756,7920,1836,18.8191881918819,-3.18442457113743,3.21723071622067
"2011-2012","followup_years",9756,5603,4153,42.5686756867569,0.0416666666666667,9.41666666666667
"2011-2012","death_all",9756,5849,3907,40.0471504715047,0,1
"2013-2014","age_years",10175,10175,0,0,0,80
"2013-2014","bmi",10175,9055,1120,11.007371007371,12.1,82.9
"2013-2014","pir",10175,9390,785,7.71498771498771,0,5
"2013-2014","albumin_g_dl",10175,6553,3622,35.5970515970516,2.4,5.6
"2013-2014","creatinine_mg_dl",10175,6553,3622,35.5970515970516,0.29,17.41
"2013-2014","egfr",10175,6553,3622,35.5970515970516,2.01540104119876,172.369558990048
"2013-2014","pfoa_nmol_l",10175,1954,8221,80.7960687960688,0.338107083343396,205.931364262081
"2013-2014","pfos_nmol_l",10175,1954,8221,80.7960687960688,0.27992721892308,2805.27062963629
"2013-2014","pfhxs_nmol_l",10175,1954,8221,80.7960687960688,0.174947515745276,84.7245826252124
"2013-2014","pfna_nmol_l",10175,1954,8221,80.7960687960688,0.150836062747802,35.1232546112739
"2013-2014","log2_pfoa",10175,1954,8221,80.7960687960688,-1.56444785387836,7.68601976534651
"2013-2014","log2_pfos",10175,1954,8221,80.7960687960688,-1.83687631967311,11.4539242416639
"2013-2014","log2_pfhxs",10175,1954,8221,80.7960687960688,-2.51500591643373,6.40470871953237
"2013-2014","log2_pfna",10175,1954,8221,80.7960687960688,-2.72894669726621,5.13435462979462
"2013-2014","sum4_pfas_nmol_l",10175,1954,8221,80.7960687960688,0.943817880759555,2842.91440510337
"2013-2014","log2_sum4_pfas",10175,1954,8221,80.7960687960688,-0.0834195910977346,11.4731549474511
"2013-2014","LBXBPB",10175,5215,4960,48.7469287469287,0.07,34.11
"2013-2014","LBXBCD",10175,5215,4960,48.7469287469287,0.07,7.23
"2013-2014","log2_lead",10175,5215,4960,48.7469287469287,-3.83650126771712,5.09212284983868
"2013-2014","log2_cadmium",10175,5215,4960,48.7469287469287,-3.83650126771712,2.85399564717639
"2013-2014","followup_years",10175,5913,4262,41.8869778869779,0.0416666666666667,7.08333333333333
"2013-2014","death_all",10175,6100,4075,40.04914004914,0,1
"2015-2016","age_years",9971,9971,0,0,0,80
"2015-2016","bmi",9971,8756,1215,12.1853374786882,11.5,67.3
"2015-2016","pir",9971,8919,1052,10.5505967305185,0,5
"2015-2016","albumin_g_dl",9971,6256,3715,37.2580483401865,2,5.6
"2015-2016","creatinine_mg_dl",9971,6255,3716,37.2680774245311,0.3,10.71
"2015-2016","egfr",9971,6255,3716,37.2680774245311,3.81925740181748,177.323083093252
"2015-2016","pfoa_nmol_l",9971,1993,7978,80.0120349012135,0.338107083343396,49.4360856859951
"2015-2016","pfos_nmol_l",9971,1993,7978,80.0120349012135,0.27992721892308,245.736108611761
"2015-2016","pfhxs_nmol_l",9971,1993,7978,80.0120349012135,0.174947515745276,58.2325302409277
"2015-2016","pfna_nmol_l",9971,1993,7978,80.0120349012135,0.150836062747802,23.7028098603689
"2015-2016","log2_pfoa",9971,1993,7978,80.0120349012135,-1.56444785387836,5.62749261108745
"2015-2016","log2_pfos",9971,1993,7978,80.0120349012135,-1.83687631967311,7.94096605352931
"2015-2016","log2_pfhxs",9971,1993,7978,80.0120349012135,-2.51500591643373,5.86375340105031
"2015-2016","log2_pfna",9971,1993,7978,80.0120349012135,-2.72894669726621,4.56698618908821
"2015-2016","sum4_pfas_nmol_l",9971,1993,7978,80.0120349012135,0.943817880759555,273.517539722251
"2015-2016","log2_sum4_pfas",9971,1993,7978,80.0120349012135,-0.0834195910977346,8.09548954074118
"2015-2016","LBXBPB",9971,4988,4983,49.9749272891385,0.05,23.51
"2015-2016","LBXBCD",9971,4988,4983,49.9749272891385,0.07,9.17
"2015-2016","log2_lead",9971,4988,4983,49.9749272891385,-4.32192809488736,4.5552026338783
"2015-2016","log2_cadmium",9971,4988,4983,49.9749272891385,-3.83650126771712,3.19692173382033
"2015-2016","followup_years",9971,5720,4251,42.6336375488918,0.0416666666666667,5.08333333333333
"2015-2016","death_all",9971,5974,3997,40.0862501253636,0,1
"2017-2018","age_years",9254,9254,0,0,0,80
"2017-2018","bmi",9254,8005,1249,13.496866220013,12.3,86.2
"2017-2018","pir",9254,8023,1231,13.3023557380592,0,5
"2017-2018","albumin_g_dl",9254,5905,3349,36.1897557812838,2.1,5.4
"2017-2018","creatinine_mg_dl",9254,5903,3351,36.2113680570564,0.25,12.74
"2017-2018","egfr",9254,5903,3351,36.2113680570564,3.38330611281594,194.034791606851
"2017-2018","pfoa_nmol_l",9254,1929,7325,79.1549600172898,0.338107083343396,127.683724974038
"2017-2018","pfos_nmol_l",9254,1929,7325,79.1549600172898,0.27992721892308,209.745466178794
"2017-2018","pfhxs_nmol_l",9254,1929,7325,79.1549600172898,0.174947515745276,121.963410976707
"2017-2018","pfna_nmol_l",9254,1929,7325,79.1549600172898,0.150836062747802,14.0062058265816
"2017-2018","log2_pfoa",9254,1929,7325,79.1549600172898,-1.56444785387836,6.99643083544498
"2017-2018","log2_pfos",9254,1929,7325,79.1549600172898,-1.83687631967311,7.71249581573392
"2017-2018","log2_pfhxs",9254,1929,7325,79.1549600172898,-2.51500591643373,6.93030459395892
"2017-2018","log2_pfna",9254,1929,7325,79.1549600172898,-2.72894669726621,3.807994288592
"2017-2018","sum4_pfas_nmol_l",9254,1929,7325,79.1549600172898,0.943817880759555,224.17405348879
"2017-2018","log2_sum4_pfas",9254,1929,7325,79.1549600172898,-0.0834195910977346,7.80847549615509
"2017-2018","LBXBPB",9254,6884,2370,25.6105467905771,0.05,42.48
"2017-2018","LBXBCD",9254,7513,1741,18.8134860600821,0.07,13.03
"2017-2018","log2_lead",9254,6884,2370,25.6105467905771,-4.32192809488736,5.40871186102943
"2017-2018","log2_cadmium",9254,7513,1741,18.8134860600821,-3.83650126771712,3.70376517879341
"2017-2018","followup_years",9254,5498,3756,40.5878539010158,0.0416666666666667,3.08333333333333
"2017-2018","death_all",9254,5809,3445,37.2271450183704,0,1
