"cycle","analyte","n_with_comment","n_below_lod","percent_below_lod"
"2003-2004","pfoa",2094,9,0.429799426934097
"2005-2006","pfoa",2120,9,0.424528301886792
"2007-2008","pfoa",2100,2,0.0952380952380952
"2009-2010","pfoa",2233,5,0.223914017017465
"2011-2012","pfoa",1904,9,0.472689075630252
"2013-2014","pfoa",1954,1588,81.2691914022518
"2015-2016","pfoa",1993,1953,97.9929754139488
"2017-2018","pfoa",1929,1740,90.2021772939347
"2003-2004","pfos",2094,3,0.143266475644699
"2005-2006","pfos",2120,3,0.141509433962264
"2007-2008","pfos",2100,3,0.142857142857143
"2009-2010","pfos",2233,4,0.179131213613972
"2011-2012","pfos",1904,7,0.367647058823529
"2013-2014","pfos",1954,33,1.68884339815763
"2015-2016","pfos",1993,23,1.15403913697943
"2017-2018","pfos",1929,17,0.881285640228097
"2003-2004","pfhxs",2094,48,2.29226361031519
"2005-2006","pfhxs",2120,87,4.10377358490566
"2007-2008","pfhxs",2100,16,0.761904761904762
"2009-2010","pfhxs",2233,13,0.58217644424541
"2011-2012","pfhxs",1904,30,1.57563025210084
"2013-2014","pfhxs",1954,25,1.27942681678608
"2015-2016","pfhxs",1993,31,1.55544405418966
"2017-2018","pfhxs",1929,13,0.673924313115604
"2003-2004","pfna",2094,36,1.71919770773639
"2005-2006","pfna",2120,20,0.943396226415094
"2007-2008","pfna",2100,10,0.476190476190476
"2009-2010","pfna",2233,5,0.223914017017465
"2011-2012","pfna",1904,14,0.735294117647059
"2013-2014","pfna",1954,26,1.33060388945752
"2015-2016","pfna",1993,25,1.25439036628199
"2017-2018","pfna",1929,145,7.51684810782789
"2003-2004","lead",0,0,NA
"2005-2006","lead",0,0,NA
"2007-2008","lead",0,0,NA
"2009-2010","lead",8793,23,0.261571704765154
"2011-2012","lead",7920,91,1.1489898989899
"2013-2014","lead",5215,0,0
"2015-2016","lead",4988,5,0.100240577385726
"2017-2018","lead",6884,4,0.0581057524694945
"2003-2004","cadmium",0,0,NA
"2005-2006","cadmium",0,0,NA
"2007-2008","cadmium",0,0,NA
"2009-2010","cadmium",8793,3397,38.6330035255317
"2011-2012","cadmium",7920,2469,31.1742424242424
"2013-2014","cadmium",5215,1512,28.993288590604
"2015-2016","cadmium",4988,1277,25.6014434643144
"2017-2018","cadmium",7513,1396,18.5811260481831
