".it","vrb","ac","psrf","cohort"
1,"SEQN",NA,NA,"pfas"
2,"SEQN",NA,NA,"pfas"
3,"SEQN",NA,NA,"pfas"
4,"SEQN",NA,NA,"pfas"
5,"SEQN",NA,NA,"pfas"
6,"SEQN",NA,NA,"pfas"
7,"SEQN",NA,NA,"pfas"
8,"SEQN",NA,NA,"pfas"
9,"SEQN",NA,NA,"pfas"
10,"SEQN",NA,NA,"pfas"
1,"SDMVSTRA",NA,NA,"pfas"
2,"SDMVSTRA",NA,NA,"pfas"
3,"SDMVSTRA",NA,NA,"pfas"
4,"SDMVSTRA",NA,NA,"pfas"
5,"SDMVSTRA",NA,NA,"pfas"
6,"SDMVSTRA",NA,NA,"pfas"
7,"SDMVSTRA",NA,NA,"pfas"
8,"SDMVSTRA",NA,NA,"pfas"
9,"SDMVSTRA",NA,NA,"pfas"
10,"SDMVSTRA",NA,NA,"pfas"
1,"SDMVPSU",NA,NA,"pfas"
2,"SDMVPSU",NA,NA,"pfas"
3,"SDMVPSU",NA,NA,"pfas"
4,"SDMVPSU",NA,NA,"pfas"
5,"SDMVPSU",NA,NA,"pfas"
6,"SDMVPSU",NA,NA,"pfas"
7,"SDMVPSU",NA,NA,"pfas"
8,"SDMVPSU",NA,NA,"pfas"
9,"SDMVPSU",NA,NA,"pfas"
10,"SDMVPSU",NA,NA,"pfas"
1,"weight_pfas_primary",NA,NA,"pfas"
2,"weight_pfas_primary",NA,NA,"pfas"
3,"weight_pfas_primary",NA,NA,"pfas"
4,"weight_pfas_primary",NA,NA,"pfas"
5,"weight_pfas_primary",NA,NA,"pfas"
6,"weight_pfas_primary",NA,NA,"pfas"
7,"weight_pfas_primary",NA,NA,"pfas"
8,"weight_pfas_primary",NA,NA,"pfas"
9,"weight_pfas_primary",NA,NA,"pfas"
10,"weight_pfas_primary",NA,NA,"pfas"
1,"followup_years",NA,NA,"pfas"
2,"followup_years",NA,NA,"pfas"
3,"followup_years",NA,NA,"pfas"
4,"followup_years",NA,NA,"pfas"
5,"followup_years",NA,NA,"pfas"
6,"followup_years",NA,NA,"pfas"
7,"followup_years",NA,NA,"pfas"
8,"followup_years",NA,NA,"pfas"
9,"followup_years",NA,NA,"pfas"
10,"followup_years",NA,NA,"pfas"
1,"death_all",NA,NA,"pfas"
2,"death_all",NA,NA,"pfas"
3,"death_all",NA,NA,"pfas"
4,"death_all",NA,NA,"pfas"
5,"death_all",NA,NA,"pfas"
6,"death_all",NA,NA,"pfas"
7,"death_all",NA,NA,"pfas"
8,"death_all",NA,NA,"pfas"
9,"death_all",NA,NA,"pfas"
10,"death_all",NA,NA,"pfas"
1,"log2_sum4_pfas",NA,NA,"pfas"
2,"log2_sum4_pfas",NA,NA,"pfas"
3,"log2_sum4_pfas",NA,NA,"pfas"
4,"log2_sum4_pfas",NA,NA,"pfas"
5,"log2_sum4_pfas",NA,NA,"pfas"
6,"log2_sum4_pfas",NA,NA,"pfas"
7,"log2_sum4_pfas",NA,NA,"pfas"
8,"log2_sum4_pfas",NA,NA,"pfas"
9,"log2_sum4_pfas",NA,NA,"pfas"
10,"log2_sum4_pfas",NA,NA,"pfas"
1,"age_years",NA,NA,"pfas"
2,"age_years",NA,NA,"pfas"
3,"age_years",NA,NA,"pfas"
4,"age_years",NA,NA,"pfas"
5,"age_years",NA,NA,"pfas"
6,"age_years",NA,NA,"pfas"
7,"age_years",NA,NA,"pfas"
8,"age_years",NA,NA,"pfas"
9,"age_years",NA,NA,"pfas"
10,"age_years",NA,NA,"pfas"
1,"sex",NA,NA,"pfas"
2,"sex",NA,NA,"pfas"
3,"sex",NA,NA,"pfas"
4,"sex",NA,NA,"pfas"
5,"sex",NA,NA,"pfas"
6,"sex",NA,NA,"pfas"
7,"sex",NA,NA,"pfas"
8,"sex",NA,NA,"pfas"
9,"sex",NA,NA,"pfas"
10,"sex",NA,NA,"pfas"
1,"race_ethnicity",NA,NA,"pfas"
2,"race_ethnicity",NA,NA,"pfas"
3,"race_ethnicity",NA,NA,"pfas"
4,"race_ethnicity",NA,NA,"pfas"
5,"race_ethnicity",NA,NA,"pfas"
6,"race_ethnicity",NA,NA,"pfas"
7,"race_ethnicity",NA,NA,"pfas"
8,"race_ethnicity",NA,NA,"pfas"
9,"race_ethnicity",NA,NA,"pfas"
10,"race_ethnicity",NA,NA,"pfas"
1,"education",NA,NA,"pfas"
2,"education",0.0494692818228713,NA,"pfas"
3,"education",0.0542490790680329,NA,"pfas"
4,"education",-0.0109425296574567,1.03587755106872,"pfas"
5,"education",0.0473045201657286,1.08749121116493,"pfas"
6,"education",0.1090302312641,1.09641664568007,"pfas"
7,"education",0.12142296985262,1.05511610315699,"pfas"
8,"education",0.137661304490588,1.02935020939688,"pfas"
9,"education",0.148555154266627,1.06393176639298,"pfas"
10,"education",0.11896720432941,1.02461016174083,"pfas"
1,"pir",NA,NA,"pfas"
2,"pir",-0.28926549985099,NA,"pfas"
3,"pir",-0.246905142477275,NA,"pfas"
4,"pir",-0.219771407956184,1.1060724853326,"pfas"
5,"pir",-0.116824862140913,1.27653767945096,"pfas"
6,"pir",-0.107076460523735,1.0172371564733,"pfas"
7,"pir",-0.110381439797233,0.945082674715397,"pfas"
8,"pir",-0.119288857091018,1.00371414946049,"pfas"
9,"pir",-0.102339858841363,1.03229895551935,"pfas"
10,"pir",-0.0742876969550789,1.03569807149641,"pfas"
1,"smoking",NA,NA,"pfas"
2,"smoking",-0.274152034090809,NA,"pfas"
3,"smoking",-0.336386438514533,NA,"pfas"
4,"smoking",-0.199262336844314,0.999848706253148,"pfas"
5,"smoking",-0.162440296553203,0.932517345483294,"pfas"
6,"smoking",-0.153833605508937,0.971997070838695,"pfas"
7,"smoking",-0.13034475028707,0.977926735701849,"pfas"
8,"smoking",-0.132189835505539,1.01311288754477,"pfas"
9,"smoking",-0.139607175542561,1.04894467515563,"pfas"
10,"smoking",-0.172445272916696,1.03170080160458,"pfas"
1,"bmi",NA,NA,"pfas"
2,"bmi",-0.286986277372131,NA,"pfas"
3,"bmi",0.0172911301438681,NA,"pfas"
4,"bmi",0.174435448686478,1.07757062669879,"pfas"
5,"bmi",0.111672501201448,0.932362711814245,"pfas"
6,"bmi",0.112203722451267,1.01531071056102,"pfas"
7,"bmi",0.100141985052394,1.01427407920116,"pfas"
8,"bmi",0.141657559746748,1.06537046422344,"pfas"
9,"bmi",0.107226163598143,1.08049271287132,"pfas"
10,"bmi",0.161673985256249,1.01344229885044,"pfas"
1,"cycle_factor",NA,NA,"pfas"
2,"cycle_factor",NA,NA,"pfas"
3,"cycle_factor",NA,NA,"pfas"
4,"cycle_factor",NA,NA,"pfas"
5,"cycle_factor",NA,NA,"pfas"
6,"cycle_factor",NA,NA,"pfas"
7,"cycle_factor",NA,NA,"pfas"
8,"cycle_factor",NA,NA,"pfas"
9,"cycle_factor",NA,NA,"pfas"
10,"cycle_factor",NA,NA,"pfas"
1,"albumin_g_dl",NA,NA,"pfas"
2,"albumin_g_dl",NA,NA,"pfas"
3,"albumin_g_dl",NA,NA,"pfas"
4,"albumin_g_dl",NA,NA,"pfas"
5,"albumin_g_dl",NA,NA,"pfas"
6,"albumin_g_dl",NA,NA,"pfas"
7,"albumin_g_dl",NA,NA,"pfas"
8,"albumin_g_dl",NA,NA,"pfas"
9,"albumin_g_dl",NA,NA,"pfas"
10,"albumin_g_dl",NA,NA,"pfas"
1,"egfr",NA,NA,"pfas"
2,"egfr",NA,NA,"pfas"
3,"egfr",NA,NA,"pfas"
4,"egfr",NA,NA,"pfas"
5,"egfr",NA,NA,"pfas"
6,"egfr",NA,NA,"pfas"
7,"egfr",NA,NA,"pfas"
8,"egfr",NA,NA,"pfas"
9,"egfr",NA,NA,"pfas"
10,"egfr",NA,NA,"pfas"
1,"nelson_aalen",NA,NA,"pfas"
2,"nelson_aalen",NA,NA,"pfas"
3,"nelson_aalen",NA,NA,"pfas"
4,"nelson_aalen",NA,NA,"pfas"
5,"nelson_aalen",NA,NA,"pfas"
6,"nelson_aalen",NA,NA,"pfas"
7,"nelson_aalen",NA,NA,"pfas"
8,"nelson_aalen",NA,NA,"pfas"
9,"nelson_aalen",NA,NA,"pfas"
10,"nelson_aalen",NA,NA,"pfas"
1,"log_survey_weight",NA,NA,"pfas"
2,"log_survey_weight",NA,NA,"pfas"
3,"log_survey_weight",NA,NA,"pfas"
4,"log_survey_weight",NA,NA,"pfas"
5,"log_survey_weight",NA,NA,"pfas"
6,"log_survey_weight",NA,NA,"pfas"
7,"log_survey_weight",NA,NA,"pfas"
8,"log_survey_weight",NA,NA,"pfas"
9,"log_survey_weight",NA,NA,"pfas"
10,"log_survey_weight",NA,NA,"pfas"
1,"SEQN",NA,NA,"overlap"
2,"SEQN",NA,NA,"overlap"
3,"SEQN",NA,NA,"overlap"
4,"SEQN",NA,NA,"overlap"
5,"SEQN",NA,NA,"overlap"
6,"SEQN",NA,NA,"overlap"
7,"SEQN",NA,NA,"overlap"
8,"SEQN",NA,NA,"overlap"
9,"SEQN",NA,NA,"overlap"
10,"SEQN",NA,NA,"overlap"
1,"SDMVSTRA",NA,NA,"overlap"
2,"SDMVSTRA",NA,NA,"overlap"
3,"SDMVSTRA",NA,NA,"overlap"
4,"SDMVSTRA",NA,NA,"overlap"
5,"SDMVSTRA",NA,NA,"overlap"
6,"SDMVSTRA",NA,NA,"overlap"
7,"SDMVSTRA",NA,NA,"overlap"
8,"SDMVSTRA",NA,NA,"overlap"
9,"SDMVSTRA",NA,NA,"overlap"
10,"SDMVSTRA",NA,NA,"overlap"
1,"SDMVPSU",NA,NA,"overlap"
2,"SDMVPSU",NA,NA,"overlap"
3,"SDMVPSU",NA,NA,"overlap"
4,"SDMVPSU",NA,NA,"overlap"
5,"SDMVPSU",NA,NA,"overlap"
6,"SDMVPSU",NA,NA,"overlap"
7,"SDMVPSU",NA,NA,"overlap"
8,"SDMVPSU",NA,NA,"overlap"
9,"SDMVPSU",NA,NA,"overlap"
10,"SDMVPSU",NA,NA,"overlap"
1,"weight_overlap",NA,NA,"overlap"
2,"weight_overlap",NA,NA,"overlap"
3,"weight_overlap",NA,NA,"overlap"
4,"weight_overlap",NA,NA,"overlap"
5,"weight_overlap",NA,NA,"overlap"
6,"weight_overlap",NA,NA,"overlap"
7,"weight_overlap",NA,NA,"overlap"
8,"weight_overlap",NA,NA,"overlap"
9,"weight_overlap",NA,NA,"overlap"
10,"weight_overlap",NA,NA,"overlap"
1,"followup_years",NA,NA,"overlap"
2,"followup_years",NA,NA,"overlap"
3,"followup_years",NA,NA,"overlap"
4,"followup_years",NA,NA,"overlap"
5,"followup_years",NA,NA,"overlap"
6,"followup_years",NA,NA,"overlap"
7,"followup_years",NA,NA,"overlap"
8,"followup_years",NA,NA,"overlap"
9,"followup_years",NA,NA,"overlap"
10,"followup_years",NA,NA,"overlap"
1,"death_all",NA,NA,"overlap"
2,"death_all",NA,NA,"overlap"
3,"death_all",NA,NA,"overlap"
4,"death_all",NA,NA,"overlap"
5,"death_all",NA,NA,"overlap"
6,"death_all",NA,NA,"overlap"
7,"death_all",NA,NA,"overlap"
8,"death_all",NA,NA,"overlap"
9,"death_all",NA,NA,"overlap"
10,"death_all",NA,NA,"overlap"
1,"log2_sum4_pfas",NA,NA,"overlap"
2,"log2_sum4_pfas",NA,NA,"overlap"
3,"log2_sum4_pfas",NA,NA,"overlap"
4,"log2_sum4_pfas",NA,NA,"overlap"
5,"log2_sum4_pfas",NA,NA,"overlap"
6,"log2_sum4_pfas",NA,NA,"overlap"
7,"log2_sum4_pfas",NA,NA,"overlap"
8,"log2_sum4_pfas",NA,NA,"overlap"
9,"log2_sum4_pfas",NA,NA,"overlap"
10,"log2_sum4_pfas",NA,NA,"overlap"
1,"log2_lead",NA,NA,"overlap"
2,"log2_lead",NA,NA,"overlap"
3,"log2_lead",NA,NA,"overlap"
4,"log2_lead",NA,NA,"overlap"
5,"log2_lead",NA,NA,"overlap"
6,"log2_lead",NA,NA,"overlap"
7,"log2_lead",NA,NA,"overlap"
8,"log2_lead",NA,NA,"overlap"
9,"log2_lead",NA,NA,"overlap"
10,"log2_lead",NA,NA,"overlap"
1,"log2_cadmium",NA,NA,"overlap"
2,"log2_cadmium",NA,NA,"overlap"
3,"log2_cadmium",NA,NA,"overlap"
4,"log2_cadmium",NA,NA,"overlap"
5,"log2_cadmium",NA,NA,"overlap"
6,"log2_cadmium",NA,NA,"overlap"
7,"log2_cadmium",NA,NA,"overlap"
8,"log2_cadmium",NA,NA,"overlap"
9,"log2_cadmium",NA,NA,"overlap"
10,"log2_cadmium",NA,NA,"overlap"
1,"age_years",NA,NA,"overlap"
2,"age_years",NA,NA,"overlap"
3,"age_years",NA,NA,"overlap"
4,"age_years",NA,NA,"overlap"
5,"age_years",NA,NA,"overlap"
6,"age_years",NA,NA,"overlap"
7,"age_years",NA,NA,"overlap"
8,"age_years",NA,NA,"overlap"
9,"age_years",NA,NA,"overlap"
10,"age_years",NA,NA,"overlap"
1,"sex",NA,NA,"overlap"
2,"sex",NA,NA,"overlap"
3,"sex",NA,NA,"overlap"
4,"sex",NA,NA,"overlap"
5,"sex",NA,NA,"overlap"
6,"sex",NA,NA,"overlap"
7,"sex",NA,NA,"overlap"
8,"sex",NA,NA,"overlap"
9,"sex",NA,NA,"overlap"
10,"sex",NA,NA,"overlap"
1,"race_ethnicity",NA,NA,"overlap"
2,"race_ethnicity",NA,NA,"overlap"
3,"race_ethnicity",NA,NA,"overlap"
4,"race_ethnicity",NA,NA,"overlap"
5,"race_ethnicity",NA,NA,"overlap"
6,"race_ethnicity",NA,NA,"overlap"
7,"race_ethnicity",NA,NA,"overlap"
8,"race_ethnicity",NA,NA,"overlap"
9,"race_ethnicity",NA,NA,"overlap"
10,"race_ethnicity",NA,NA,"overlap"
1,"education",NA,NA,"overlap"
2,"education",0.0903051546598911,NA,"overlap"
3,"education",0.225010547397545,NA,"overlap"
4,"education",0.144812961131656,1.02932528575059,"overlap"
5,"education",0.138400662383348,1.03613566050635,"overlap"
6,"education",0.161257494482949,1.10767386480969,"overlap"
7,"education",0.122684999296006,1.08522727698458,"overlap"
8,"education",0.112146005763708,1.02452189014578,"overlap"
9,"education",0.0951983965043286,1.00965007629236,"overlap"
10,"education",0.0656880680522567,0.996570937131579,"overlap"
1,"pir",NA,NA,"overlap"
2,"pir",0.12736527596034,NA,"overlap"
3,"pir",0.00490332372549269,NA,"overlap"
4,"pir",0.144176313413048,1.19015331730517,"overlap"
5,"pir",0.128345581899815,1.06116693019249,"overlap"
6,"pir",0.162109090591005,1.02916269186358,"overlap"
7,"pir",0.193562919211685,1.02989195264386,"overlap"
8,"pir",0.188354743172021,1.03857116980219,"overlap"
9,"pir",0.164575044404639,1.03781934439213,"overlap"
10,"pir",0.12200522204278,1.01705669000538,"overlap"
1,"smoking",NA,NA,"overlap"
2,"smoking",0.293300666379871,NA,"overlap"
3,"smoking",0.18860940110477,NA,"overlap"
4,"smoking",0.125739600736513,1.09969010867989,"overlap"
5,"smoking",0.176472475317657,1.21206393094186,"overlap"
6,"smoking",0.0617060388302233,1.02032858574595,"overlap"
7,"smoking",0.0514216990251861,1.06153053813565,"overlap"
8,"smoking",0.0897263234438589,1.0498880756839,"overlap"
9,"smoking",0.0857681668857564,1.00918654948804,"overlap"
10,"smoking",0.0578407150669434,1.04693214759291,"overlap"
1,"bmi",NA,NA,"overlap"
2,"bmi",-0.184528281323312,NA,"overlap"
3,"bmi",-0.0930864586330335,NA,"overlap"
4,"bmi",-0.0441878001285713,1.02398126191382,"overlap"
5,"bmi",-0.118581333223907,0.961028728746176,"overlap"
6,"bmi",-0.118396096235108,1.00968132477406,"overlap"
7,"bmi",-0.101509225758657,1.02961498065933,"overlap"
8,"bmi",-0.105986700762788,1.00525716899169,"overlap"
9,"bmi",-0.0442278023609148,1.08733337100075,"overlap"
10,"bmi",0.0224231573064731,1.06557793204391,"overlap"
1,"cycle_factor",NA,NA,"overlap"
2,"cycle_factor",NA,NA,"overlap"
3,"cycle_factor",NA,NA,"overlap"
4,"cycle_factor",NA,NA,"overlap"
5,"cycle_factor",NA,NA,"overlap"
6,"cycle_factor",NA,NA,"overlap"
7,"cycle_factor",NA,NA,"overlap"
8,"cycle_factor",NA,NA,"overlap"
9,"cycle_factor",NA,NA,"overlap"
10,"cycle_factor",NA,NA,"overlap"
1,"albumin_g_dl",NA,NA,"overlap"
2,"albumin_g_dl",NA,NA,"overlap"
3,"albumin_g_dl",NA,NA,"overlap"
4,"albumin_g_dl",NA,NA,"overlap"
5,"albumin_g_dl",NA,NA,"overlap"
6,"albumin_g_dl",NA,NA,"overlap"
7,"albumin_g_dl",NA,NA,"overlap"
8,"albumin_g_dl",NA,NA,"overlap"
9,"albumin_g_dl",NA,NA,"overlap"
10,"albumin_g_dl",NA,NA,"overlap"
1,"egfr",NA,NA,"overlap"
2,"egfr",NA,NA,"overlap"
3,"egfr",NA,NA,"overlap"
4,"egfr",NA,NA,"overlap"
5,"egfr",NA,NA,"overlap"
6,"egfr",NA,NA,"overlap"
7,"egfr",NA,NA,"overlap"
8,"egfr",NA,NA,"overlap"
9,"egfr",NA,NA,"overlap"
10,"egfr",NA,NA,"overlap"
1,"nelson_aalen",NA,NA,"overlap"
2,"nelson_aalen",NA,NA,"overlap"
3,"nelson_aalen",NA,NA,"overlap"
4,"nelson_aalen",NA,NA,"overlap"
5,"nelson_aalen",NA,NA,"overlap"
6,"nelson_aalen",NA,NA,"overlap"
7,"nelson_aalen",NA,NA,"overlap"
8,"nelson_aalen",NA,NA,"overlap"
9,"nelson_aalen",NA,NA,"overlap"
10,"nelson_aalen",NA,NA,"overlap"
1,"log_survey_weight",NA,NA,"overlap"
2,"log_survey_weight",NA,NA,"overlap"
3,"log_survey_weight",NA,NA,"overlap"
4,"log_survey_weight",NA,NA,"overlap"
5,"log_survey_weight",NA,NA,"overlap"
6,"log_survey_weight",NA,NA,"overlap"
7,"log_survey_weight",NA,NA,"overlap"
8,"log_survey_weight",NA,NA,"overlap"
9,"log_survey_weight",NA,NA,"overlap"
10,"log_survey_weight",NA,NA,"overlap"
