"cycle","component","source_stem","field","present"
"2003-2004","demo","DEMO_C","SEQN",TRUE
"2003-2004","demo","DEMO_C","RIDAGEYR",TRUE
"2003-2004","demo","DEMO_C","RIAGENDR",TRUE
"2003-2004","demo","DEMO_C","SDMVSTRA",TRUE
"2003-2004","demo","DEMO_C","SDMVPSU",TRUE
"2003-2004","demo","DEMO_C","WTMEC2YR",TRUE
"2003-2004","biochemistry","L40_C","SEQN",TRUE
"2003-2004","biochemistry","L40_C","LBXSAL",TRUE
"2003-2004","biochemistry","L40_C","LBXSCR",TRUE
"2003-2004","metals","L06BMT_C","SEQN",TRUE
"2003-2004","metals","L06BMT_C","LBXBPB",TRUE
"2003-2004","metals","L06BMT_C","LBXBCD",TRUE
"2003-2004","pfas_standard","L24PFC_C","SEQN",TRUE
"2005-2006","demo","DEMO_D","SEQN",TRUE
"2005-2006","demo","DEMO_D","RIDAGEYR",TRUE
"2005-2006","demo","DEMO_D","RIAGENDR",TRUE
"2005-2006","demo","DEMO_D","SDMVSTRA",TRUE
"2005-2006","demo","DEMO_D","SDMVPSU",TRUE
"2005-2006","demo","DEMO_D","WTMEC2YR",TRUE
"2005-2006","biochemistry","BIOPRO_D","SEQN",TRUE
"2005-2006","biochemistry","BIOPRO_D","LBXSAL",TRUE
"2005-2006","biochemistry","BIOPRO_D","LBXSCR",TRUE
"2005-2006","metals","PBCD_D","SEQN",TRUE
"2005-2006","metals","PBCD_D","LBXBPB",TRUE
"2005-2006","metals","PBCD_D","LBXBCD",TRUE
"2005-2006","pfas_standard","PFC_D","SEQN",TRUE
"2007-2008","demo","DEMO_E","SEQN",TRUE
"2007-2008","demo","DEMO_E","RIDAGEYR",TRUE
"2007-2008","demo","DEMO_E","RIAGENDR",TRUE
"2007-2008","demo","DEMO_E","SDMVSTRA",TRUE
"2007-2008","demo","DEMO_E","SDMVPSU",TRUE
"2007-2008","demo","DEMO_E","WTMEC2YR",TRUE
"2007-2008","biochemistry","BIOPRO_E","SEQN",TRUE
"2007-2008","biochemistry","BIOPRO_E","LBXSAL",TRUE
"2007-2008","biochemistry","BIOPRO_E","LBXSCR",TRUE
"2007-2008","metals","PBCD_E","SEQN",TRUE
"2007-2008","metals","PBCD_E","LBXBPB",TRUE
"2007-2008","metals","PBCD_E","LBXBCD",TRUE
"2007-2008","pfas_standard","PFC_E","SEQN",TRUE
"2009-2010","demo","DEMO_F","SEQN",TRUE
"2009-2010","demo","DEMO_F","RIDAGEYR",TRUE
"2009-2010","demo","DEMO_F","RIAGENDR",TRUE
"2009-2010","demo","DEMO_F","SDMVSTRA",TRUE
"2009-2010","demo","DEMO_F","SDMVPSU",TRUE
"2009-2010","demo","DEMO_F","WTMEC2YR",TRUE
"2009-2010","biochemistry","BIOPRO_F","SEQN",TRUE
"2009-2010","biochemistry","BIOPRO_F","LBXSAL",TRUE
"2009-2010","biochemistry","BIOPRO_F","LBXSCR",TRUE
"2009-2010","metals","PBCD_F","SEQN",TRUE
"2009-2010","metals","PBCD_F","LBXBPB",TRUE
"2009-2010","metals","PBCD_F","LBXBCD",TRUE
"2009-2010","pfas_standard","PFC_F","SEQN",TRUE
"2011-2012","demo","DEMO_G","SEQN",TRUE
"2011-2012","demo","DEMO_G","RIDAGEYR",TRUE
"2011-2012","demo","DEMO_G","RIAGENDR",TRUE
"2011-2012","demo","DEMO_G","SDMVSTRA",TRUE
"2011-2012","demo","DEMO_G","SDMVPSU",TRUE
"2011-2012","demo","DEMO_G","WTMEC2YR",TRUE
"2011-2012","biochemistry","BIOPRO_G","SEQN",TRUE
"2011-2012","biochemistry","BIOPRO_G","LBXSAL",TRUE
"2011-2012","biochemistry","BIOPRO_G","LBXSCR",TRUE
"2011-2012","metals","PBCD_G","SEQN",TRUE
"2011-2012","metals","PBCD_G","LBXBPB",TRUE
"2011-2012","metals","PBCD_G","LBXBCD",TRUE
"2011-2012","pfas_standard","PFC_G","SEQN",TRUE
"2013-2014","demo","DEMO_H","SEQN",TRUE
"2013-2014","demo","DEMO_H","RIDAGEYR",TRUE
"2013-2014","demo","DEMO_H","RIAGENDR",TRUE
"2013-2014","demo","DEMO_H","SDMVSTRA",TRUE
"2013-2014","demo","DEMO_H","SDMVPSU",TRUE
"2013-2014","demo","DEMO_H","WTMEC2YR",TRUE
"2013-2014","biochemistry","BIOPRO_H","SEQN",TRUE
"2013-2014","biochemistry","BIOPRO_H","LBXSAL",TRUE
"2013-2014","biochemistry","BIOPRO_H","LBXSCR",TRUE
"2013-2014","metals","PBCD_H","SEQN",TRUE
"2013-2014","metals","PBCD_H","LBXBPB",TRUE
"2013-2014","metals","PBCD_H","LBXBCD",TRUE
"2013-2014","pfas_standard","PFAS_H","SEQN",TRUE
"2013-2014","pfas_surplus","SSPFAS_H","SEQN",TRUE
"2013-2014","pfas_surplus","SSPFAS_H","WTSSBH2Y",TRUE
"2015-2016","demo","DEMO_I","SEQN",TRUE
"2015-2016","demo","DEMO_I","RIDAGEYR",TRUE
"2015-2016","demo","DEMO_I","RIAGENDR",TRUE
"2015-2016","demo","DEMO_I","SDMVSTRA",TRUE
"2015-2016","demo","DEMO_I","SDMVPSU",TRUE
"2015-2016","demo","DEMO_I","WTMEC2YR",TRUE
"2015-2016","biochemistry","BIOPRO_I","SEQN",TRUE
"2015-2016","biochemistry","BIOPRO_I","LBXSAL",TRUE
"2015-2016","biochemistry","BIOPRO_I","LBXSCR",TRUE
"2015-2016","metals","PBCD_I","SEQN",TRUE
"2015-2016","metals","PBCD_I","LBXBPB",TRUE
"2015-2016","metals","PBCD_I","LBXBCD",TRUE
"2015-2016","pfas_standard","PFAS_I","SEQN",TRUE
"2017-2018","demo","DEMO_J","SEQN",TRUE
"2017-2018","demo","DEMO_J","RIDAGEYR",TRUE
"2017-2018","demo","DEMO_J","RIAGENDR",TRUE
"2017-2018","demo","DEMO_J","SDMVSTRA",TRUE
"2017-2018","demo","DEMO_J","SDMVPSU",TRUE
"2017-2018","demo","DEMO_J","WTMEC2YR",TRUE
"2017-2018","biochemistry","BIOPRO_J","SEQN",TRUE
"2017-2018","biochemistry","BIOPRO_J","LBXSAL",TRUE
"2017-2018","biochemistry","BIOPRO_J","LBXSCR",TRUE
"2017-2018","metals","PBCD_J","SEQN",TRUE
"2017-2018","metals","PBCD_J","LBXBPB",TRUE
"2017-2018","metals","PBCD_J","LBXBCD",TRUE
"2017-2018","pfas_standard","PFAS_J","SEQN",TRUE
