"cycle","component","source_stem","xpt_path","variable","label"
"2003-2004","demo","DEMO_C","D:/Dev/Bio/nhanes-pfas-albumin-mortality/Database/nhanes/2003-2004/Demographics/DEMO_C.xpt","SEQN","Respondent sequence number"
"2003-2004","demo","DEMO_C","D:/Dev/Bio/nhanes-pfas-albumin-mortality/Database/nhanes/2003-2004/Demographics/DEMO_C.xpt","RIAGENDR","Gender"
"2003-2004","demo","DEMO_C","D:/Dev/Bio/nhanes-pfas-albumin-mortality/Database/nhanes/2003-2004/Demographics/DEMO_C.xpt","RIDAGEYR","Age at Screening Adjudicated - Recode"
"2003-2004","demo","DEMO_C","D:/Dev/Bio/nhanes-pfas-albumin-mortality/Database/nhanes/2003-2004/Demographics/DEMO_C.xpt","RIDRETH1","Race/Ethnicity - Recode"
"2003-2004","demo","DEMO_C","D:/Dev/Bio/nhanes-pfas-albumin-mortality/Database/nhanes/2003-2004/Demographics/DEMO_C.xpt","DMDEDUC2","Education Level - Adults 20+"
"2003-2004","demo","DEMO_C","D:/Dev/Bio/nhanes-pfas-albumin-mortality/Database/nhanes/2003-2004/Demographics/DEMO_C.xpt","INDFMPIR","Family PIR"
"2003-2004","demo","DEMO_C","D:/Dev/Bio/nhanes-pfas-albumin-mortality/Database/nhanes/2003-2004/Demographics/DEMO_C.xpt","RIDEXPRG","Pregnancy Status at Exam - Recode"
"2003-2004","demo","DEMO_C","D:/Dev/Bio/nhanes-pfas-albumin-mortality/Database/nhanes/2003-2004/Demographics/DEMO_C.xpt","WTINT2YR","Full Sample 2 Year Interview Weight"
"2003-2004","demo","DEMO_C","D:/Dev/Bio/nhanes-pfas-albumin-mortality/Database/nhanes/2003-2004/Demographics/DEMO_C.xpt","WTMEC2YR","Full Sample 2 Year MEC Exam Weight"
"2003-2004","demo","DEMO_C","D:/Dev/Bio/nhanes-pfas-albumin-mortality/Database/nhanes/2003-2004/Demographics/DEMO_C.xpt","SDMVPSU","Masked Variance Pseudo-PSU"
"2003-2004","demo","DEMO_C","D:/Dev/Bio/nhanes-pfas-albumin-mortality/Database/nhanes/2003-2004/Demographics/DEMO_C.xpt","SDMVSTRA","Masked Variance Pseudo-Stratum"
"2003-2004","biochemistry","L40_C","D:/Dev/Bio/nhanes-pfas-albumin-mortality/Database/nhanes/2003-2004/Laboratory/L40_C.xpt","SEQN","Respondent sequence number"
"2003-2004","biochemistry","L40_C","D:/Dev/Bio/nhanes-pfas-albumin-mortality/Database/nhanes/2003-2004/Laboratory/L40_C.xpt","LBXSAL","Albumin (g/dL)"
"2003-2004","biochemistry","L40_C","D:/Dev/Bio/nhanes-pfas-albumin-mortality/Database/nhanes/2003-2004/Laboratory/L40_C.xpt","LBXSCR","Creatinine (mg/dL)"
"2003-2004","metals","L06BMT_C","D:/Dev/Bio/nhanes-pfas-albumin-mortality/Database/nhanes/2003-2004/Laboratory/L06BMT_C.xpt","SEQN","Respondent sequence number"
"2003-2004","metals","L06BMT_C","D:/Dev/Bio/nhanes-pfas-albumin-mortality/Database/nhanes/2003-2004/Laboratory/L06BMT_C.xpt","LBXBCD","Cadmium (ug/L)"
"2003-2004","metals","L06BMT_C","D:/Dev/Bio/nhanes-pfas-albumin-mortality/Database/nhanes/2003-2004/Laboratory/L06BMT_C.xpt","LBXBPB","Lead (ug/dL)"
"2003-2004","pfas_standard","L24PFC_C","D:/Dev/Bio/nhanes-pfas-albumin-mortality/Database/nhanes/2003-2004/Laboratory/L24PFC_C.xpt","SEQN","Respondent sequence number"
"2003-2004","pfas_standard","L24PFC_C","D:/Dev/Bio/nhanes-pfas-albumin-mortality/Database/nhanes/2003-2004/Laboratory/L24PFC_C.xpt","WTSA2YR","Two-year MEC weights of subsample A"
"2003-2004","pfas_standard","L24PFC_C","D:/Dev/Bio/nhanes-pfas-albumin-mortality/Database/nhanes/2003-2004/Laboratory/L24PFC_C.xpt","LBXPFOA","Perfluorooctanoic acid"
"2003-2004","pfas_standard","L24PFC_C","D:/Dev/Bio/nhanes-pfas-albumin-mortality/Database/nhanes/2003-2004/Laboratory/L24PFC_C.xpt","LBDPFOAL","Perfluorooctanoic acid comment"
"2003-2004","pfas_standard","L24PFC_C","D:/Dev/Bio/nhanes-pfas-albumin-mortality/Database/nhanes/2003-2004/Laboratory/L24PFC_C.xpt","LBXPFOS","Perfluorooctane sulfonic acid"
"2003-2004","pfas_standard","L24PFC_C","D:/Dev/Bio/nhanes-pfas-albumin-mortality/Database/nhanes/2003-2004/Laboratory/L24PFC_C.xpt","LBDPFOSL","Perfluorooctane sulfonic acid comment"
"2003-2004","pfas_standard","L24PFC_C","D:/Dev/Bio/nhanes-pfas-albumin-mortality/Database/nhanes/2003-2004/Laboratory/L24PFC_C.xpt","LBXPFHS","Perfluorohexane sulfonic acid"
"2003-2004","pfas_standard","L24PFC_C","D:/Dev/Bio/nhanes-pfas-albumin-mortality/Database/nhanes/2003-2004/Laboratory/L24PFC_C.xpt","LBDPFHSL","Perfluorohexane sulfonic acid comment"
"2003-2004","pfas_standard","L24PFC_C","D:/Dev/Bio/nhanes-pfas-albumin-mortality/Database/nhanes/2003-2004/Laboratory/L24PFC_C.xpt","LBXPFNA","Perfluorononanoic acid"
"2003-2004","pfas_standard","L24PFC_C","D:/Dev/Bio/nhanes-pfas-albumin-mortality/Database/nhanes/2003-2004/Laboratory/L24PFC_C.xpt","LBDPFNAL","Perfluorononanoic acid comment"
"2005-2006","demo","DEMO_D","D:/Dev/Bio/nhanes-pfas-albumin-mortality/Database/nhanes/2005-2006/Demographics/DEMO_D.xpt","SEQN","Respondent sequence number"
"2005-2006","demo","DEMO_D","D:/Dev/Bio/nhanes-pfas-albumin-mortality/Database/nhanes/2005-2006/Demographics/DEMO_D.xpt","RIAGENDR","Gender"
"2005-2006","demo","DEMO_D","D:/Dev/Bio/nhanes-pfas-albumin-mortality/Database/nhanes/2005-2006/Demographics/DEMO_D.xpt","RIDAGEYR","Age at Screening Adjudicated - Recode"
"2005-2006","demo","DEMO_D","D:/Dev/Bio/nhanes-pfas-albumin-mortality/Database/nhanes/2005-2006/Demographics/DEMO_D.xpt","RIDRETH1","Race/Ethnicity - Recode"
"2005-2006","demo","DEMO_D","D:/Dev/Bio/nhanes-pfas-albumin-mortality/Database/nhanes/2005-2006/Demographics/DEMO_D.xpt","DMDEDUC2","Education Level - Adults 20+"
"2005-2006","demo","DEMO_D","D:/Dev/Bio/nhanes-pfas-albumin-mortality/Database/nhanes/2005-2006/Demographics/DEMO_D.xpt","INDFMPIR","Family PIR"
"2005-2006","demo","DEMO_D","D:/Dev/Bio/nhanes-pfas-albumin-mortality/Database/nhanes/2005-2006/Demographics/DEMO_D.xpt","RIDEXPRG","Pregnancy Status at Exam - Recode"
"2005-2006","demo","DEMO_D","D:/Dev/Bio/nhanes-pfas-albumin-mortality/Database/nhanes/2005-2006/Demographics/DEMO_D.xpt","WTINT2YR","Full Sample 2 Year Interview Weight"
"2005-2006","demo","DEMO_D","D:/Dev/Bio/nhanes-pfas-albumin-mortality/Database/nhanes/2005-2006/Demographics/DEMO_D.xpt","WTMEC2YR","Full Sample 2 Year MEC Exam Weight"
"2005-2006","demo","DEMO_D","D:/Dev/Bio/nhanes-pfas-albumin-mortality/Database/nhanes/2005-2006/Demographics/DEMO_D.xpt","SDMVPSU","Masked Variance Pseudo-PSU"
"2005-2006","demo","DEMO_D","D:/Dev/Bio/nhanes-pfas-albumin-mortality/Database/nhanes/2005-2006/Demographics/DEMO_D.xpt","SDMVSTRA","Masked Variance Pseudo-Stratum"
"2005-2006","biochemistry","BIOPRO_D","D:/Dev/Bio/nhanes-pfas-albumin-mortality/Database/nhanes/2005-2006/Laboratory/BIOPRO_D.xpt","SEQN","Respondent sequence number"
"2005-2006","biochemistry","BIOPRO_D","D:/Dev/Bio/nhanes-pfas-albumin-mortality/Database/nhanes/2005-2006/Laboratory/BIOPRO_D.xpt","LBXSAL","Albumin (g/dL)"
"2005-2006","biochemistry","BIOPRO_D","D:/Dev/Bio/nhanes-pfas-albumin-mortality/Database/nhanes/2005-2006/Laboratory/BIOPRO_D.xpt","LBXSCR","Creatinine (mg/dL)"
"2005-2006","metals","PBCD_D","D:/Dev/Bio/nhanes-pfas-albumin-mortality/Database/nhanes/2005-2006/Laboratory/PBCD_D.xpt","SEQN","Respondent sequence number"
"2005-2006","metals","PBCD_D","D:/Dev/Bio/nhanes-pfas-albumin-mortality/Database/nhanes/2005-2006/Laboratory/PBCD_D.xpt","LBXBCD","Cadmium (ug/L)"
"2005-2006","metals","PBCD_D","D:/Dev/Bio/nhanes-pfas-albumin-mortality/Database/nhanes/2005-2006/Laboratory/PBCD_D.xpt","LBXBPB","Lead (ug/dL)"
"2005-2006","pfas_standard","PFC_D","D:/Dev/Bio/nhanes-pfas-albumin-mortality/Database/nhanes/2005-2006/Laboratory/PFC_D.xpt","SEQN","Respondent sequence number"
"2005-2006","pfas_standard","PFC_D","D:/Dev/Bio/nhanes-pfas-albumin-mortality/Database/nhanes/2005-2006/Laboratory/PFC_D.xpt","WTSA2YR","Two-year MEC weights of subsample A"
"2005-2006","pfas_standard","PFC_D","D:/Dev/Bio/nhanes-pfas-albumin-mortality/Database/nhanes/2005-2006/Laboratory/PFC_D.xpt","LBXPFOA","Perfluorooctanoic acid"
"2005-2006","pfas_standard","PFC_D","D:/Dev/Bio/nhanes-pfas-albumin-mortality/Database/nhanes/2005-2006/Laboratory/PFC_D.xpt","LBDPFOAL","Perfluorooctanoic acid comment"
"2005-2006","pfas_standard","PFC_D","D:/Dev/Bio/nhanes-pfas-albumin-mortality/Database/nhanes/2005-2006/Laboratory/PFC_D.xpt","LBXPFOS","Perfluorooctane sulfonic acid"
"2005-2006","pfas_standard","PFC_D","D:/Dev/Bio/nhanes-pfas-albumin-mortality/Database/nhanes/2005-2006/Laboratory/PFC_D.xpt","LBDPFOSL","Perfluorooctane sulfonic acid comment"
"2005-2006","pfas_standard","PFC_D","D:/Dev/Bio/nhanes-pfas-albumin-mortality/Database/nhanes/2005-2006/Laboratory/PFC_D.xpt","LBXPFHS","Perfluorohexane sulfonic acid"
"2005-2006","pfas_standard","PFC_D","D:/Dev/Bio/nhanes-pfas-albumin-mortality/Database/nhanes/2005-2006/Laboratory/PFC_D.xpt","LBDPFHSL","Perfluorohexane sulfonic acid comment"
"2005-2006","pfas_standard","PFC_D","D:/Dev/Bio/nhanes-pfas-albumin-mortality/Database/nhanes/2005-2006/Laboratory/PFC_D.xpt","LBXPFNA","Perfluorononanoic acid"
"2005-2006","pfas_standard","PFC_D","D:/Dev/Bio/nhanes-pfas-albumin-mortality/Database/nhanes/2005-2006/Laboratory/PFC_D.xpt","LBDPFNAL","Perfluorononanoic acid comment"
"2007-2008","demo","DEMO_E","D:/Dev/Bio/nhanes-pfas-albumin-mortality/Database/nhanes/2007-2008/Demographics/DEMO_E.xpt","SEQN","Respondent sequence number"
"2007-2008","demo","DEMO_E","D:/Dev/Bio/nhanes-pfas-albumin-mortality/Database/nhanes/2007-2008/Demographics/DEMO_E.xpt","RIAGENDR","Gender"
"2007-2008","demo","DEMO_E","D:/Dev/Bio/nhanes-pfas-albumin-mortality/Database/nhanes/2007-2008/Demographics/DEMO_E.xpt","RIDAGEYR","Age at Screening Adjudicated - Recode"
"2007-2008","demo","DEMO_E","D:/Dev/Bio/nhanes-pfas-albumin-mortality/Database/nhanes/2007-2008/Demographics/DEMO_E.xpt","RIDRETH1","Race/Ethnicity - Recode"
"2007-2008","demo","DEMO_E","D:/Dev/Bio/nhanes-pfas-albumin-mortality/Database/nhanes/2007-2008/Demographics/DEMO_E.xpt","DMDEDUC2","Education Level - Adults 20+"
"2007-2008","demo","DEMO_E","D:/Dev/Bio/nhanes-pfas-albumin-mortality/Database/nhanes/2007-2008/Demographics/DEMO_E.xpt","INDFMPIR","Ratio of family income to poverty"
"2007-2008","demo","DEMO_E","D:/Dev/Bio/nhanes-pfas-albumin-mortality/Database/nhanes/2007-2008/Demographics/DEMO_E.xpt","RIDEXPRG","Pregnancy Status at Exam - Recode"
"2007-2008","demo","DEMO_E","D:/Dev/Bio/nhanes-pfas-albumin-mortality/Database/nhanes/2007-2008/Demographics/DEMO_E.xpt","WTINT2YR","Full Sample 2 Year Interview Weight"
"2007-2008","demo","DEMO_E","D:/Dev/Bio/nhanes-pfas-albumin-mortality/Database/nhanes/2007-2008/Demographics/DEMO_E.xpt","WTMEC2YR","Full Sample 2 Year MEC Exam Weight"
"2007-2008","demo","DEMO_E","D:/Dev/Bio/nhanes-pfas-albumin-mortality/Database/nhanes/2007-2008/Demographics/DEMO_E.xpt","SDMVPSU","Masked Variance Pseudo-PSU"
"2007-2008","demo","DEMO_E","D:/Dev/Bio/nhanes-pfas-albumin-mortality/Database/nhanes/2007-2008/Demographics/DEMO_E.xpt","SDMVSTRA","Masked Variance Pseudo-Stratum"
"2007-2008","biochemistry","BIOPRO_E","D:/Dev/Bio/nhanes-pfas-albumin-mortality/Database/nhanes/2007-2008/Laboratory/BIOPRO_E.xpt","SEQN","Respondent sequence number"
"2007-2008","biochemistry","BIOPRO_E","D:/Dev/Bio/nhanes-pfas-albumin-mortality/Database/nhanes/2007-2008/Laboratory/BIOPRO_E.xpt","LBXSAL","Albumin (g/dL)"
"2007-2008","biochemistry","BIOPRO_E","D:/Dev/Bio/nhanes-pfas-albumin-mortality/Database/nhanes/2007-2008/Laboratory/BIOPRO_E.xpt","LBXSCR","Creatinine (mg/dL)"
"2007-2008","metals","PBCD_E","D:/Dev/Bio/nhanes-pfas-albumin-mortality/Database/nhanes/2007-2008/Laboratory/PBCD_E.xpt","SEQN","Respondent sequence number"
"2007-2008","metals","PBCD_E","D:/Dev/Bio/nhanes-pfas-albumin-mortality/Database/nhanes/2007-2008/Laboratory/PBCD_E.xpt","LBXBCD","Blood cadmium (ug/L)"
"2007-2008","metals","PBCD_E","D:/Dev/Bio/nhanes-pfas-albumin-mortality/Database/nhanes/2007-2008/Laboratory/PBCD_E.xpt","LBXBPB","Blood lead (ug/dL)"
"2007-2008","pfas_standard","PFC_E","D:/Dev/Bio/nhanes-pfas-albumin-mortality/Database/nhanes/2007-2008/Laboratory/PFC_E.xpt","SEQN","Respondent sequence number"
"2007-2008","pfas_standard","PFC_E","D:/Dev/Bio/nhanes-pfas-albumin-mortality/Database/nhanes/2007-2008/Laboratory/PFC_E.xpt","WTSC2YR","Two-year MEC weights of subsample C"
"2007-2008","pfas_standard","PFC_E","D:/Dev/Bio/nhanes-pfas-albumin-mortality/Database/nhanes/2007-2008/Laboratory/PFC_E.xpt","LBXPFOA","Perfluorooctanoic acid"
"2007-2008","pfas_standard","PFC_E","D:/Dev/Bio/nhanes-pfas-albumin-mortality/Database/nhanes/2007-2008/Laboratory/PFC_E.xpt","LBDPFOAL","Perfluorooctanoic acid comment"
"2007-2008","pfas_standard","PFC_E","D:/Dev/Bio/nhanes-pfas-albumin-mortality/Database/nhanes/2007-2008/Laboratory/PFC_E.xpt","LBXPFOS","Perfluorooctane sulfonic acid"
"2007-2008","pfas_standard","PFC_E","D:/Dev/Bio/nhanes-pfas-albumin-mortality/Database/nhanes/2007-2008/Laboratory/PFC_E.xpt","LBDPFOSL","Perfluorooctane sulfonic acid comment"
"2007-2008","pfas_standard","PFC_E","D:/Dev/Bio/nhanes-pfas-albumin-mortality/Database/nhanes/2007-2008/Laboratory/PFC_E.xpt","LBXPFHS","Perfluorohexane sulfonic acid"
"2007-2008","pfas_standard","PFC_E","D:/Dev/Bio/nhanes-pfas-albumin-mortality/Database/nhanes/2007-2008/Laboratory/PFC_E.xpt","LBDPFHSL","Perfluorohexane sulfonic acid comment"
"2007-2008","pfas_standard","PFC_E","D:/Dev/Bio/nhanes-pfas-albumin-mortality/Database/nhanes/2007-2008/Laboratory/PFC_E.xpt","LBXPFNA","Perfluorononanoic acid"
"2007-2008","pfas_standard","PFC_E","D:/Dev/Bio/nhanes-pfas-albumin-mortality/Database/nhanes/2007-2008/Laboratory/PFC_E.xpt","LBDPFNAL","Perfluorononanoic acid comment"
"2009-2010","demo","DEMO_F","D:/Dev/Bio/nhanes-pfas-albumin-mortality/Database/nhanes/2009-2010/Demographics/DEMO_F.xpt","SEQN","Respondent sequence number"
"2009-2010","demo","DEMO_F","D:/Dev/Bio/nhanes-pfas-albumin-mortality/Database/nhanes/2009-2010/Demographics/DEMO_F.xpt","RIAGENDR","Gender"
"2009-2010","demo","DEMO_F","D:/Dev/Bio/nhanes-pfas-albumin-mortality/Database/nhanes/2009-2010/Demographics/DEMO_F.xpt","RIDAGEYR","Age at Screening Adjudicated - Recode"
"2009-2010","demo","DEMO_F","D:/Dev/Bio/nhanes-pfas-albumin-mortality/Database/nhanes/2009-2010/Demographics/DEMO_F.xpt","RIDRETH1","Race/Ethnicity - Recode"
"2009-2010","demo","DEMO_F","D:/Dev/Bio/nhanes-pfas-albumin-mortality/Database/nhanes/2009-2010/Demographics/DEMO_F.xpt","DMDEDUC2","Education Level - Adults 20+"
"2009-2010","demo","DEMO_F","D:/Dev/Bio/nhanes-pfas-albumin-mortality/Database/nhanes/2009-2010/Demographics/DEMO_F.xpt","INDFMPIR","Ratio of family income to poverty"
"2009-2010","demo","DEMO_F","D:/Dev/Bio/nhanes-pfas-albumin-mortality/Database/nhanes/2009-2010/Demographics/DEMO_F.xpt","RIDEXPRG","Pregnancy Status at Exam - Recode"
"2009-2010","demo","DEMO_F","D:/Dev/Bio/nhanes-pfas-albumin-mortality/Database/nhanes/2009-2010/Demographics/DEMO_F.xpt","WTINT2YR","Full Sample 2 Year Interview Weight"
"2009-2010","demo","DEMO_F","D:/Dev/Bio/nhanes-pfas-albumin-mortality/Database/nhanes/2009-2010/Demographics/DEMO_F.xpt","WTMEC2YR","Full Sample 2 Year MEC Exam Weight"
"2009-2010","demo","DEMO_F","D:/Dev/Bio/nhanes-pfas-albumin-mortality/Database/nhanes/2009-2010/Demographics/DEMO_F.xpt","SDMVPSU","Masked Variance Pseudo-PSU"
"2009-2010","demo","DEMO_F","D:/Dev/Bio/nhanes-pfas-albumin-mortality/Database/nhanes/2009-2010/Demographics/DEMO_F.xpt","SDMVSTRA","Masked Variance Pseudo-Stratum"
"2009-2010","biochemistry","BIOPRO_F","D:/Dev/Bio/nhanes-pfas-albumin-mortality/Database/nhanes/2009-2010/Laboratory/BIOPRO_F.xpt","SEQN","Respondent sequence number"
"2009-2010","biochemistry","BIOPRO_F","D:/Dev/Bio/nhanes-pfas-albumin-mortality/Database/nhanes/2009-2010/Laboratory/BIOPRO_F.xpt","LBXSAL","Albumin (g/dL)"
"2009-2010","biochemistry","BIOPRO_F","D:/Dev/Bio/nhanes-pfas-albumin-mortality/Database/nhanes/2009-2010/Laboratory/BIOPRO_F.xpt","LBXSCR","Creatinine (mg/dL)"
"2009-2010","metals","PBCD_F","D:/Dev/Bio/nhanes-pfas-albumin-mortality/Database/nhanes/2009-2010/Laboratory/PBCD_F.xpt","SEQN","Respondent sequence number"
"2009-2010","metals","PBCD_F","D:/Dev/Bio/nhanes-pfas-albumin-mortality/Database/nhanes/2009-2010/Laboratory/PBCD_F.xpt","LBXBCD","Blood cadmium (ug/L)"
"2009-2010","metals","PBCD_F","D:/Dev/Bio/nhanes-pfas-albumin-mortality/Database/nhanes/2009-2010/Laboratory/PBCD_F.xpt","LBDBCDLC","Blood cadmium comment code"
"2009-2010","metals","PBCD_F","D:/Dev/Bio/nhanes-pfas-albumin-mortality/Database/nhanes/2009-2010/Laboratory/PBCD_F.xpt","LBXBPB","Blood lead (ug/dL)"
"2009-2010","metals","PBCD_F","D:/Dev/Bio/nhanes-pfas-albumin-mortality/Database/nhanes/2009-2010/Laboratory/PBCD_F.xpt","LBDBPBLC","Blood lead comment code"
"2009-2010","pfas_standard","PFC_F","D:/Dev/Bio/nhanes-pfas-albumin-mortality/Database/nhanes/2009-2010/Laboratory/PFC_F.xpt","SEQN","Respondent sequence number"
"2009-2010","pfas_standard","PFC_F","D:/Dev/Bio/nhanes-pfas-albumin-mortality/Database/nhanes/2009-2010/Laboratory/PFC_F.xpt","WTSC2YR","Two-year MEC weights of subsample C"
"2009-2010","pfas_standard","PFC_F","D:/Dev/Bio/nhanes-pfas-albumin-mortality/Database/nhanes/2009-2010/Laboratory/PFC_F.xpt","LBXPFOA","Perfluorooctanoic acid"
"2009-2010","pfas_standard","PFC_F","D:/Dev/Bio/nhanes-pfas-albumin-mortality/Database/nhanes/2009-2010/Laboratory/PFC_F.xpt","LBDPFOAL","Perfluorooctanoic acid comment"
"2009-2010","pfas_standard","PFC_F","D:/Dev/Bio/nhanes-pfas-albumin-mortality/Database/nhanes/2009-2010/Laboratory/PFC_F.xpt","LBXPFOS","Perfluorooctane sulfonic acid"
"2009-2010","pfas_standard","PFC_F","D:/Dev/Bio/nhanes-pfas-albumin-mortality/Database/nhanes/2009-2010/Laboratory/PFC_F.xpt","LBDPFOSL","Perfluorooctane sulfonic acid comment"
"2009-2010","pfas_standard","PFC_F","D:/Dev/Bio/nhanes-pfas-albumin-mortality/Database/nhanes/2009-2010/Laboratory/PFC_F.xpt","LBXPFHS","Perfluorohexane sulfonic acid"
"2009-2010","pfas_standard","PFC_F","D:/Dev/Bio/nhanes-pfas-albumin-mortality/Database/nhanes/2009-2010/Laboratory/PFC_F.xpt","LBDPFHSL","Perfluorohexane sulfonic acid comment"
"2009-2010","pfas_standard","PFC_F","D:/Dev/Bio/nhanes-pfas-albumin-mortality/Database/nhanes/2009-2010/Laboratory/PFC_F.xpt","LBXPFNA","Perfluorononanoic acid"
"2009-2010","pfas_standard","PFC_F","D:/Dev/Bio/nhanes-pfas-albumin-mortality/Database/nhanes/2009-2010/Laboratory/PFC_F.xpt","LBDPFNAL","Perfluorononanoic acid comment"
"2011-2012","demo","DEMO_G","D:/Dev/Bio/nhanes-pfas-albumin-mortality/Database/nhanes/2011-2012/Demographics/DEMO_G.xpt","SEQN","Respondent sequence number"
"2011-2012","demo","DEMO_G","D:/Dev/Bio/nhanes-pfas-albumin-mortality/Database/nhanes/2011-2012/Demographics/DEMO_G.xpt","RIAGENDR","Gender"
"2011-2012","demo","DEMO_G","D:/Dev/Bio/nhanes-pfas-albumin-mortality/Database/nhanes/2011-2012/Demographics/DEMO_G.xpt","RIDAGEYR","Age in years at screening"
"2011-2012","demo","DEMO_G","D:/Dev/Bio/nhanes-pfas-albumin-mortality/Database/nhanes/2011-2012/Demographics/DEMO_G.xpt","RIDRETH1","Race/Hispanic origin"
"2011-2012","demo","DEMO_G","D:/Dev/Bio/nhanes-pfas-albumin-mortality/Database/nhanes/2011-2012/Demographics/DEMO_G.xpt","RIDRETH3","Race/Hispanic origin w/ NH Asian"
"2011-2012","demo","DEMO_G","D:/Dev/Bio/nhanes-pfas-albumin-mortality/Database/nhanes/2011-2012/Demographics/DEMO_G.xpt","DMDEDUC2","Education level - Adults 20+"
"2011-2012","demo","DEMO_G","D:/Dev/Bio/nhanes-pfas-albumin-mortality/Database/nhanes/2011-2012/Demographics/DEMO_G.xpt","RIDEXPRG","Pregnancy status at exam"
"2011-2012","demo","DEMO_G","D:/Dev/Bio/nhanes-pfas-albumin-mortality/Database/nhanes/2011-2012/Demographics/DEMO_G.xpt","WTINT2YR","Full sample 2 year interview weight"
"2011-2012","demo","DEMO_G","D:/Dev/Bio/nhanes-pfas-albumin-mortality/Database/nhanes/2011-2012/Demographics/DEMO_G.xpt","WTMEC2YR","Full sample 2 year MEC exam weight"
"2011-2012","demo","DEMO_G","D:/Dev/Bio/nhanes-pfas-albumin-mortality/Database/nhanes/2011-2012/Demographics/DEMO_G.xpt","SDMVPSU","Masked variance pseudo-PSU"
"2011-2012","demo","DEMO_G","D:/Dev/Bio/nhanes-pfas-albumin-mortality/Database/nhanes/2011-2012/Demographics/DEMO_G.xpt","SDMVSTRA","Masked variance pseudo-stratum"
"2011-2012","demo","DEMO_G","D:/Dev/Bio/nhanes-pfas-albumin-mortality/Database/nhanes/2011-2012/Demographics/DEMO_G.xpt","INDFMPIR","Ratio of family income to poverty"
"2011-2012","biochemistry","BIOPRO_G","D:/Dev/Bio/nhanes-pfas-albumin-mortality/Database/nhanes/2011-2012/Laboratory/BIOPRO_G.xpt","SEQN","Respondent sequence number"
"2011-2012","biochemistry","BIOPRO_G","D:/Dev/Bio/nhanes-pfas-albumin-mortality/Database/nhanes/2011-2012/Laboratory/BIOPRO_G.xpt","LBXSAL","Albumin (g/dL)"
"2011-2012","biochemistry","BIOPRO_G","D:/Dev/Bio/nhanes-pfas-albumin-mortality/Database/nhanes/2011-2012/Laboratory/BIOPRO_G.xpt","LBXSCR","Creatinine (mg/dL)"
"2011-2012","metals","PBCD_G","D:/Dev/Bio/nhanes-pfas-albumin-mortality/Database/nhanes/2011-2012/Laboratory/PBCD_G.xpt","SEQN","Respondent sequence number"
"2011-2012","metals","PBCD_G","D:/Dev/Bio/nhanes-pfas-albumin-mortality/Database/nhanes/2011-2012/Laboratory/PBCD_G.xpt","LBXBPB","Blood lead (ug/dL)"
"2011-2012","metals","PBCD_G","D:/Dev/Bio/nhanes-pfas-albumin-mortality/Database/nhanes/2011-2012/Laboratory/PBCD_G.xpt","LBDBPBLC","Blood lead comment code"
"2011-2012","metals","PBCD_G","D:/Dev/Bio/nhanes-pfas-albumin-mortality/Database/nhanes/2011-2012/Laboratory/PBCD_G.xpt","LBXBCD","Blood cadmium (ug/L)"
"2011-2012","metals","PBCD_G","D:/Dev/Bio/nhanes-pfas-albumin-mortality/Database/nhanes/2011-2012/Laboratory/PBCD_G.xpt","LBDBCDLC","Blood cadmium comment code"
"2011-2012","pfas_standard","PFC_G","D:/Dev/Bio/nhanes-pfas-albumin-mortality/Database/nhanes/2011-2012/Laboratory/PFC_G.xpt","SEQN","Respondent sequence number"
"2011-2012","pfas_standard","PFC_G","D:/Dev/Bio/nhanes-pfas-albumin-mortality/Database/nhanes/2011-2012/Laboratory/PFC_G.xpt","WTSA2YR","Subsample A weights"
"2011-2012","pfas_standard","PFC_G","D:/Dev/Bio/nhanes-pfas-albumin-mortality/Database/nhanes/2011-2012/Laboratory/PFC_G.xpt","LBXPFOA","Perfluorooctanoic acid"
"2011-2012","pfas_standard","PFC_G","D:/Dev/Bio/nhanes-pfas-albumin-mortality/Database/nhanes/2011-2012/Laboratory/PFC_G.xpt","LBDPFOAL","Perfluorooctanoic acid comment"
"2011-2012","pfas_standard","PFC_G","D:/Dev/Bio/nhanes-pfas-albumin-mortality/Database/nhanes/2011-2012/Laboratory/PFC_G.xpt","LBXPFOS","Perfluorooctane sulfonic acid"
"2011-2012","pfas_standard","PFC_G","D:/Dev/Bio/nhanes-pfas-albumin-mortality/Database/nhanes/2011-2012/Laboratory/PFC_G.xpt","LBDPFOSL","Perfluorooctane sulfonic acid comment"
"2011-2012","pfas_standard","PFC_G","D:/Dev/Bio/nhanes-pfas-albumin-mortality/Database/nhanes/2011-2012/Laboratory/PFC_G.xpt","LBXPFHS","Perfluorohexane sulfonic acid"
"2011-2012","pfas_standard","PFC_G","D:/Dev/Bio/nhanes-pfas-albumin-mortality/Database/nhanes/2011-2012/Laboratory/PFC_G.xpt","LBDPFHSL","Perfluorohexane sulfonic acid comment"
"2011-2012","pfas_standard","PFC_G","D:/Dev/Bio/nhanes-pfas-albumin-mortality/Database/nhanes/2011-2012/Laboratory/PFC_G.xpt","LBXPFNA","Perfluorononanoic acid"
"2011-2012","pfas_standard","PFC_G","D:/Dev/Bio/nhanes-pfas-albumin-mortality/Database/nhanes/2011-2012/Laboratory/PFC_G.xpt","LBDPFNAL","Perfluorononanoic acid comment"
"2013-2014","demo","DEMO_H","D:/Dev/Bio/nhanes-pfas-albumin-mortality/Database/nhanes/2013-2014/Demographics/DEMO_H.xpt","SEQN","Respondent sequence number"
"2013-2014","demo","DEMO_H","D:/Dev/Bio/nhanes-pfas-albumin-mortality/Database/nhanes/2013-2014/Demographics/DEMO_H.xpt","RIAGENDR","Gender"
"2013-2014","demo","DEMO_H","D:/Dev/Bio/nhanes-pfas-albumin-mortality/Database/nhanes/2013-2014/Demographics/DEMO_H.xpt","RIDAGEYR","Age in years at screening"
"2013-2014","demo","DEMO_H","D:/Dev/Bio/nhanes-pfas-albumin-mortality/Database/nhanes/2013-2014/Demographics/DEMO_H.xpt","RIDRETH1","Race/Hispanic origin"
"2013-2014","demo","DEMO_H","D:/Dev/Bio/nhanes-pfas-albumin-mortality/Database/nhanes/2013-2014/Demographics/DEMO_H.xpt","RIDRETH3","Race/Hispanic origin w/ NH Asian"
"2013-2014","demo","DEMO_H","D:/Dev/Bio/nhanes-pfas-albumin-mortality/Database/nhanes/2013-2014/Demographics/DEMO_H.xpt","DMDEDUC2","Education level - Adults 20+"
"2013-2014","demo","DEMO_H","D:/Dev/Bio/nhanes-pfas-albumin-mortality/Database/nhanes/2013-2014/Demographics/DEMO_H.xpt","RIDEXPRG","Pregnancy status at exam"
"2013-2014","demo","DEMO_H","D:/Dev/Bio/nhanes-pfas-albumin-mortality/Database/nhanes/2013-2014/Demographics/DEMO_H.xpt","WTINT2YR","Full sample 2 year interview weight"
"2013-2014","demo","DEMO_H","D:/Dev/Bio/nhanes-pfas-albumin-mortality/Database/nhanes/2013-2014/Demographics/DEMO_H.xpt","WTMEC2YR","Full sample 2 year MEC exam weight"
"2013-2014","demo","DEMO_H","D:/Dev/Bio/nhanes-pfas-albumin-mortality/Database/nhanes/2013-2014/Demographics/DEMO_H.xpt","SDMVPSU","Masked variance pseudo-PSU"
"2013-2014","demo","DEMO_H","D:/Dev/Bio/nhanes-pfas-albumin-mortality/Database/nhanes/2013-2014/Demographics/DEMO_H.xpt","SDMVSTRA","Masked variance pseudo-stratum"
"2013-2014","demo","DEMO_H","D:/Dev/Bio/nhanes-pfas-albumin-mortality/Database/nhanes/2013-2014/Demographics/DEMO_H.xpt","INDFMPIR","Ratio of family income to poverty"
"2013-2014","biochemistry","BIOPRO_H","D:/Dev/Bio/nhanes-pfas-albumin-mortality/Database/nhanes/2013-2014/Laboratory/BIOPRO_H.xpt","SEQN","Respondent sequence number"
"2013-2014","biochemistry","BIOPRO_H","D:/Dev/Bio/nhanes-pfas-albumin-mortality/Database/nhanes/2013-2014/Laboratory/BIOPRO_H.xpt","LBXSAL","Albumin (g/dL)"
"2013-2014","biochemistry","BIOPRO_H","D:/Dev/Bio/nhanes-pfas-albumin-mortality/Database/nhanes/2013-2014/Laboratory/BIOPRO_H.xpt","LBXSCR","Creatinine (mg/dL)"
"2013-2014","metals","PBCD_H","D:/Dev/Bio/nhanes-pfas-albumin-mortality/Database/nhanes/2013-2014/Laboratory/PBCD_H.xpt","SEQN","Respondent sequence number"
"2013-2014","metals","PBCD_H","D:/Dev/Bio/nhanes-pfas-albumin-mortality/Database/nhanes/2013-2014/Laboratory/PBCD_H.xpt","WTSH2YR","Blood metal weights"
"2013-2014","metals","PBCD_H","D:/Dev/Bio/nhanes-pfas-albumin-mortality/Database/nhanes/2013-2014/Laboratory/PBCD_H.xpt","LBXBPB","Blood lead (ug/dL)"
"2013-2014","metals","PBCD_H","D:/Dev/Bio/nhanes-pfas-albumin-mortality/Database/nhanes/2013-2014/Laboratory/PBCD_H.xpt","LBDBPBLC","Blood lead comment code"
"2013-2014","metals","PBCD_H","D:/Dev/Bio/nhanes-pfas-albumin-mortality/Database/nhanes/2013-2014/Laboratory/PBCD_H.xpt","LBXBCD","Blood cadmium (ug/L)"
"2013-2014","metals","PBCD_H","D:/Dev/Bio/nhanes-pfas-albumin-mortality/Database/nhanes/2013-2014/Laboratory/PBCD_H.xpt","LBDBCDLC","Blood cadmium comment code"
"2013-2014","pfas_standard","PFAS_H","D:/Dev/Bio/nhanes-pfas-albumin-mortality/Database/nhanes/2013-2014/Laboratory/PFAS_H.xpt","SEQN","Respondent sequence number"
"2013-2014","pfas_standard","PFAS_H","D:/Dev/Bio/nhanes-pfas-albumin-mortality/Database/nhanes/2013-2014/Laboratory/PFAS_H.xpt","WTSB2YR","Subsample B weights"
"2013-2014","pfas_standard","PFAS_H","D:/Dev/Bio/nhanes-pfas-albumin-mortality/Database/nhanes/2013-2014/Laboratory/PFAS_H.xpt","LBXPFHS","Perfluorohexane sulfonic acid (ug/L)"
"2013-2014","pfas_standard","PFAS_H","D:/Dev/Bio/nhanes-pfas-albumin-mortality/Database/nhanes/2013-2014/Laboratory/PFAS_H.xpt","LBDPFHSL","Perfluorohexane sulfonic acid comment"
"2013-2014","pfas_standard","PFAS_H","D:/Dev/Bio/nhanes-pfas-albumin-mortality/Database/nhanes/2013-2014/Laboratory/PFAS_H.xpt","LBXPFNA","Perfluorononanoic acid (ug/L)"
"2013-2014","pfas_standard","PFAS_H","D:/Dev/Bio/nhanes-pfas-albumin-mortality/Database/nhanes/2013-2014/Laboratory/PFAS_H.xpt","LBDPFNAL","Perfluorononanoic acid comment"
"2013-2014","pfas_surplus","SSPFAS_H","D:/Dev/Bio/nhanes-pfas-albumin-mortality/Database/nhanes/2013-2014/Laboratory/SSPFAS_H.xpt","SEQN","Respondent sequence number"
"2013-2014","pfas_surplus","SSPFAS_H","D:/Dev/Bio/nhanes-pfas-albumin-mortality/Database/nhanes/2013-2014/Laboratory/SSPFAS_H.xpt","SSNPFOA","Linear perfluorooctanoate (ug/L)"
"2013-2014","pfas_surplus","SSPFAS_H","D:/Dev/Bio/nhanes-pfas-albumin-mortality/Database/nhanes/2013-2014/Laboratory/SSPFAS_H.xpt","SDNPFOAL","Linear perfluorooctanoate Comment Code"
"2013-2014","pfas_surplus","SSPFAS_H","D:/Dev/Bio/nhanes-pfas-albumin-mortality/Database/nhanes/2013-2014/Laboratory/SSPFAS_H.xpt","SSBPFOA","Br. iso of perfluorooctanoate (ug/L)"
"2013-2014","pfas_surplus","SSPFAS_H","D:/Dev/Bio/nhanes-pfas-albumin-mortality/Database/nhanes/2013-2014/Laboratory/SSPFAS_H.xpt","SDBPFOAL","Br. iso perfluorooctanoate Comment Code"
"2013-2014","pfas_surplus","SSPFAS_H","D:/Dev/Bio/nhanes-pfas-albumin-mortality/Database/nhanes/2013-2014/Laboratory/SSPFAS_H.xpt","SSNPFOS","Linear perfluorooctane sulfonate (ug/L)"
"2013-2014","pfas_surplus","SSPFAS_H","D:/Dev/Bio/nhanes-pfas-albumin-mortality/Database/nhanes/2013-2014/Laboratory/SSPFAS_H.xpt","SDNPFOSL","Lin. perfluorooctane sulfonate Cmt. Code"
"2013-2014","pfas_surplus","SSPFAS_H","D:/Dev/Bio/nhanes-pfas-albumin-mortality/Database/nhanes/2013-2014/Laboratory/SSPFAS_H.xpt","SSMPFOS","Monomethyl branched iso of PFOS (ug/L)"
"2013-2014","pfas_surplus","SSPFAS_H","D:/Dev/Bio/nhanes-pfas-albumin-mortality/Database/nhanes/2013-2014/Laboratory/SSPFAS_H.xpt","SDMPFOSL","Monomethyl br. iso of PFOS Comment Code"
"2015-2016","demo","DEMO_I","D:/Dev/Bio/nhanes-pfas-albumin-mortality/Database/nhanes/2015-2016/Demographics/DEMO_I.xpt","SEQN","Respondent sequence number"
"2015-2016","demo","DEMO_I","D:/Dev/Bio/nhanes-pfas-albumin-mortality/Database/nhanes/2015-2016/Demographics/DEMO_I.xpt","RIAGENDR","Gender"
"2015-2016","demo","DEMO_I","D:/Dev/Bio/nhanes-pfas-albumin-mortality/Database/nhanes/2015-2016/Demographics/DEMO_I.xpt","RIDAGEYR","Age in years at screening"
"2015-2016","demo","DEMO_I","D:/Dev/Bio/nhanes-pfas-albumin-mortality/Database/nhanes/2015-2016/Demographics/DEMO_I.xpt","RIDRETH1","Race/Hispanic origin"
"2015-2016","demo","DEMO_I","D:/Dev/Bio/nhanes-pfas-albumin-mortality/Database/nhanes/2015-2016/Demographics/DEMO_I.xpt","RIDRETH3","Race/Hispanic origin w/ NH Asian"
"2015-2016","demo","DEMO_I","D:/Dev/Bio/nhanes-pfas-albumin-mortality/Database/nhanes/2015-2016/Demographics/DEMO_I.xpt","DMDEDUC2","Education level - Adults 20+"
"2015-2016","demo","DEMO_I","D:/Dev/Bio/nhanes-pfas-albumin-mortality/Database/nhanes/2015-2016/Demographics/DEMO_I.xpt","RIDEXPRG","Pregnancy status at exam"
"2015-2016","demo","DEMO_I","D:/Dev/Bio/nhanes-pfas-albumin-mortality/Database/nhanes/2015-2016/Demographics/DEMO_I.xpt","WTINT2YR","Full sample 2 year interview weight"
"2015-2016","demo","DEMO_I","D:/Dev/Bio/nhanes-pfas-albumin-mortality/Database/nhanes/2015-2016/Demographics/DEMO_I.xpt","WTMEC2YR","Full sample 2 year MEC exam weight"
"2015-2016","demo","DEMO_I","D:/Dev/Bio/nhanes-pfas-albumin-mortality/Database/nhanes/2015-2016/Demographics/DEMO_I.xpt","SDMVPSU","Masked variance pseudo-PSU"
"2015-2016","demo","DEMO_I","D:/Dev/Bio/nhanes-pfas-albumin-mortality/Database/nhanes/2015-2016/Demographics/DEMO_I.xpt","SDMVSTRA","Masked variance pseudo-stratum"
"2015-2016","demo","DEMO_I","D:/Dev/Bio/nhanes-pfas-albumin-mortality/Database/nhanes/2015-2016/Demographics/DEMO_I.xpt","INDFMPIR","Ratio of family income to poverty"
"2015-2016","biochemistry","BIOPRO_I","D:/Dev/Bio/nhanes-pfas-albumin-mortality/Database/nhanes/2015-2016/Laboratory/BIOPRO_I.xpt","SEQN","Respondent sequence number"
"2015-2016","biochemistry","BIOPRO_I","D:/Dev/Bio/nhanes-pfas-albumin-mortality/Database/nhanes/2015-2016/Laboratory/BIOPRO_I.xpt","LBXSAL","Albumin, refrigerated serum (g/dL)"
"2015-2016","biochemistry","BIOPRO_I","D:/Dev/Bio/nhanes-pfas-albumin-mortality/Database/nhanes/2015-2016/Laboratory/BIOPRO_I.xpt","LBXSCR","Creatinine, refrigerated serum (mg/dL)"
"2015-2016","metals","PBCD_I","D:/Dev/Bio/nhanes-pfas-albumin-mortality/Database/nhanes/2015-2016/Laboratory/PBCD_I.xpt","SEQN","Respondent sequence number"
"2015-2016","metals","PBCD_I","D:/Dev/Bio/nhanes-pfas-albumin-mortality/Database/nhanes/2015-2016/Laboratory/PBCD_I.xpt","WTSH2YR","Blood metal weights"
"2015-2016","metals","PBCD_I","D:/Dev/Bio/nhanes-pfas-albumin-mortality/Database/nhanes/2015-2016/Laboratory/PBCD_I.xpt","LBXBPB","Blood lead (ug/dL)"
"2015-2016","metals","PBCD_I","D:/Dev/Bio/nhanes-pfas-albumin-mortality/Database/nhanes/2015-2016/Laboratory/PBCD_I.xpt","LBDBPBLC","Blood lead comment code"
"2015-2016","metals","PBCD_I","D:/Dev/Bio/nhanes-pfas-albumin-mortality/Database/nhanes/2015-2016/Laboratory/PBCD_I.xpt","LBXBCD","Blood cadmium (ug/L)"
"2015-2016","metals","PBCD_I","D:/Dev/Bio/nhanes-pfas-albumin-mortality/Database/nhanes/2015-2016/Laboratory/PBCD_I.xpt","LBDBCDLC","Blood cadmium comment code"
"2015-2016","pfas_standard","PFAS_I","D:/Dev/Bio/nhanes-pfas-albumin-mortality/Database/nhanes/2015-2016/Laboratory/PFAS_I.xpt","SEQN","Respondent sequence number"
"2015-2016","pfas_standard","PFAS_I","D:/Dev/Bio/nhanes-pfas-albumin-mortality/Database/nhanes/2015-2016/Laboratory/PFAS_I.xpt","WTSB2YR","Subsample B weights"
"2015-2016","pfas_standard","PFAS_I","D:/Dev/Bio/nhanes-pfas-albumin-mortality/Database/nhanes/2015-2016/Laboratory/PFAS_I.xpt","LBXPFHS","Perfluorohexane sulfonic acid (ng/mL)"
"2015-2016","pfas_standard","PFAS_I","D:/Dev/Bio/nhanes-pfas-albumin-mortality/Database/nhanes/2015-2016/Laboratory/PFAS_I.xpt","LBDPFHSL","Perfluorohexane sulfonic acid Comt Code"
"2015-2016","pfas_standard","PFAS_I","D:/Dev/Bio/nhanes-pfas-albumin-mortality/Database/nhanes/2015-2016/Laboratory/PFAS_I.xpt","LBXPFNA","Perfluorononanoic acid (ng/mL)"
"2015-2016","pfas_standard","PFAS_I","D:/Dev/Bio/nhanes-pfas-albumin-mortality/Database/nhanes/2015-2016/Laboratory/PFAS_I.xpt","LBDPFNAL","Perfluorononanoic acid Comment Code"
"2017-2018","demo","DEMO_J","D:/Dev/Bio/nhanes-pfas-albumin-mortality/Database/nhanes/2017-2018/Demographics/DEMO_J.xpt","SEQN","Respondent sequence number"
"2017-2018","demo","DEMO_J","D:/Dev/Bio/nhanes-pfas-albumin-mortality/Database/nhanes/2017-2018/Demographics/DEMO_J.xpt","RIAGENDR","Gender"
"2017-2018","demo","DEMO_J","D:/Dev/Bio/nhanes-pfas-albumin-mortality/Database/nhanes/2017-2018/Demographics/DEMO_J.xpt","RIDAGEYR","Age in years at screening"
"2017-2018","demo","DEMO_J","D:/Dev/Bio/nhanes-pfas-albumin-mortality/Database/nhanes/2017-2018/Demographics/DEMO_J.xpt","RIDRETH1","Race/Hispanic origin"
"2017-2018","demo","DEMO_J","D:/Dev/Bio/nhanes-pfas-albumin-mortality/Database/nhanes/2017-2018/Demographics/DEMO_J.xpt","RIDRETH3","Race/Hispanic origin w/ NH Asian"
"2017-2018","demo","DEMO_J","D:/Dev/Bio/nhanes-pfas-albumin-mortality/Database/nhanes/2017-2018/Demographics/DEMO_J.xpt","DMDEDUC2","Education level - Adults 20+"
"2017-2018","demo","DEMO_J","D:/Dev/Bio/nhanes-pfas-albumin-mortality/Database/nhanes/2017-2018/Demographics/DEMO_J.xpt","RIDEXPRG","Pregnancy status at exam"
"2017-2018","demo","DEMO_J","D:/Dev/Bio/nhanes-pfas-albumin-mortality/Database/nhanes/2017-2018/Demographics/DEMO_J.xpt","WTINT2YR","Full sample 2 year interview weight"
"2017-2018","demo","DEMO_J","D:/Dev/Bio/nhanes-pfas-albumin-mortality/Database/nhanes/2017-2018/Demographics/DEMO_J.xpt","WTMEC2YR","Full sample 2 year MEC exam weight"
"2017-2018","demo","DEMO_J","D:/Dev/Bio/nhanes-pfas-albumin-mortality/Database/nhanes/2017-2018/Demographics/DEMO_J.xpt","SDMVPSU","Masked variance pseudo-PSU"
"2017-2018","demo","DEMO_J","D:/Dev/Bio/nhanes-pfas-albumin-mortality/Database/nhanes/2017-2018/Demographics/DEMO_J.xpt","SDMVSTRA","Masked variance pseudo-stratum"
"2017-2018","demo","DEMO_J","D:/Dev/Bio/nhanes-pfas-albumin-mortality/Database/nhanes/2017-2018/Demographics/DEMO_J.xpt","INDFMPIR","Ratio of family income to poverty"
"2017-2018","biochemistry","BIOPRO_J","D:/Dev/Bio/nhanes-pfas-albumin-mortality/Database/nhanes/2017-2018/Laboratory/BIOPRO_J.xpt","SEQN","Respondent Sequence Number"
"2017-2018","biochemistry","BIOPRO_J","D:/Dev/Bio/nhanes-pfas-albumin-mortality/Database/nhanes/2017-2018/Laboratory/BIOPRO_J.xpt","LBXSAL","Albumin, refrigerated serum (g/dL)"
"2017-2018","biochemistry","BIOPRO_J","D:/Dev/Bio/nhanes-pfas-albumin-mortality/Database/nhanes/2017-2018/Laboratory/BIOPRO_J.xpt","LBXSCR","Creatinine, refrigerated serum (mg/dL)"
"2017-2018","metals","PBCD_J","D:/Dev/Bio/nhanes-pfas-albumin-mortality/Database/nhanes/2017-2018/Laboratory/PBCD_J.xpt","SEQN","Respondent sequence number"
"2017-2018","metals","PBCD_J","D:/Dev/Bio/nhanes-pfas-albumin-mortality/Database/nhanes/2017-2018/Laboratory/PBCD_J.xpt","LBXBPB","Blood lead (ug/dL)"
"2017-2018","metals","PBCD_J","D:/Dev/Bio/nhanes-pfas-albumin-mortality/Database/nhanes/2017-2018/Laboratory/PBCD_J.xpt","LBDBPBLC","Blood lead comment code"
"2017-2018","metals","PBCD_J","D:/Dev/Bio/nhanes-pfas-albumin-mortality/Database/nhanes/2017-2018/Laboratory/PBCD_J.xpt","LBXBCD","Blood cadmium (ug/L)"
"2017-2018","metals","PBCD_J","D:/Dev/Bio/nhanes-pfas-albumin-mortality/Database/nhanes/2017-2018/Laboratory/PBCD_J.xpt","LBDBCDLC","Blood cadmium comment code"
"2017-2018","pfas_standard","PFAS_J","D:/Dev/Bio/nhanes-pfas-albumin-mortality/Database/nhanes/2017-2018/Laboratory/PFAS_J.xpt","SEQN","Respondent sequence number"
"2017-2018","pfas_standard","PFAS_J","D:/Dev/Bio/nhanes-pfas-albumin-mortality/Database/nhanes/2017-2018/Laboratory/PFAS_J.xpt","WTSB2YR","Subsample B weights"
"2017-2018","pfas_standard","PFAS_J","D:/Dev/Bio/nhanes-pfas-albumin-mortality/Database/nhanes/2017-2018/Laboratory/PFAS_J.xpt","LBXPFHS","Perfluorohexane sulfonic acid (ng/mL)"
"2017-2018","pfas_standard","PFAS_J","D:/Dev/Bio/nhanes-pfas-albumin-mortality/Database/nhanes/2017-2018/Laboratory/PFAS_J.xpt","LBDPFHSL","Perfluorohexane sulfonic acid Comt Code"
"2017-2018","pfas_standard","PFAS_J","D:/Dev/Bio/nhanes-pfas-albumin-mortality/Database/nhanes/2017-2018/Laboratory/PFAS_J.xpt","LBXPFNA","Perfluorononanoic acid (ng/mL)"
"2017-2018","pfas_standard","PFAS_J","D:/Dev/Bio/nhanes-pfas-albumin-mortality/Database/nhanes/2017-2018/Laboratory/PFAS_J.xpt","LBDPFNAL","Perfluorononanoic acid Comment Code"
