"cohort","field","n","n_missing","percent_missing"
"pfas_pre_imputation","SEQN",11315,0,0
"pfas_pre_imputation","SDMVSTRA",11315,0,0
"pfas_pre_imputation","SDMVPSU",11315,0,0
"pfas_pre_imputation","weight_pfas_primary",11315,0,0
"pfas_pre_imputation","followup_years",11315,0,0
"pfas_pre_imputation","death_all",11315,0,0
"pfas_pre_imputation","log2_sum4_pfas",11315,0,0
"pfas_pre_imputation","age_years",11315,0,0
"pfas_pre_imputation","sex",11315,0,0
"pfas_pre_imputation","race_ethnicity",11315,0,0
"pfas_pre_imputation","education",11315,19,0.167918692001768
"pfas_pre_imputation","pir",11315,1001,8.8466637207247
"pfas_pre_imputation","smoking",11315,7,0.0618647812638091
"pfas_pre_imputation","bmi",11315,151,1.33451171011931
"pfas_pre_imputation","cycle_factor",11315,0,0
"pfas_pre_imputation","albumin_g_dl",11315,0,0
"pfas_pre_imputation","egfr",11315,0,0
"pfas_pre_imputation","nelson_aalen",11315,0,0
"pfas_pre_imputation","log_survey_weight",11315,0,0
"overlap_pre_imputation","SEQN",9673,0,0
"overlap_pre_imputation","SDMVSTRA",9673,0,0
"overlap_pre_imputation","SDMVPSU",9673,0,0
"overlap_pre_imputation","weight_overlap",9673,0,0
"overlap_pre_imputation","followup_years",9673,0,0
"overlap_pre_imputation","death_all",9673,0,0
"overlap_pre_imputation","log2_sum4_pfas",9673,0,0
"overlap_pre_imputation","log2_lead",9673,0,0
"overlap_pre_imputation","log2_cadmium",9673,0,0
"overlap_pre_imputation","age_years",9673,0,0
"overlap_pre_imputation","sex",9673,0,0
"overlap_pre_imputation","race_ethnicity",9673,0,0
"overlap_pre_imputation","education",9673,18,0.186084978806989
"overlap_pre_imputation","pir",9673,836,8.6426134601468
"overlap_pre_imputation","smoking",9673,4,0.0413522175126641
"overlap_pre_imputation","bmi",9673,139,1.43698955856508
"overlap_pre_imputation","cycle_factor",9673,0,0
"overlap_pre_imputation","albumin_g_dl",9673,0,0
"overlap_pre_imputation","egfr",9673,0,0
"overlap_pre_imputation","nelson_aalen",9673,0,0
"overlap_pre_imputation","log_survey_weight",9673,0,0
