"cohort","analyte","outcome","model","n","events","beta","robust_se","hr","ci_low","ci_high","z","p_value","analysis","hr_95_ci","p_display"
"lead_full","lead","all_cause","M0",31469,4110,0.0451744527553914,0.0273880955480891,1.0462103582693,0.991530839003235,1.10390526516585,1.649419276929,0.0990617681856796,"full_metals","1.046 (0.992, 1.104)","0.099"
"lead_full","lead","all_cause","M1",31469,4110,0.0195007993403482,0.0287640479825959,1.01969218194144,0.963795928937429,1.07883019080483,0.677957405444025,0.497798700525224,"full_metals","1.020 (0.964, 1.079)","0.498"
"lead_full","lead","all_cause","M2",31469,4110,0.0396737095613688,0.0278324971709178,1.04047122298751,0.985233133071859,1.09880629216128,1.42544556163016,0.154028445734447,"full_metals","1.040 (0.985, 1.099)","0.154"
"lead_full","lead","all_cause","M3",31469,4110,0.0130758730412249,0.0288754227549709,1.01316173610581,0.957414443854011,1.07215502136864,0.452837458075792,0.650665788678952,"full_metals","1.013 (0.957, 1.072)","0.651"
"cadmium_full","cadmium","all_cause","M0",31469,4110,0.17538451546127,0.0276125526776602,1.19170435727626,1.12892393226365,1.25797605539606,6.35162266627975,2.13055419561255e-10,"full_metals","1.192 (1.129, 1.258)","2.1e-10"
"cadmium_full","cadmium","all_cause","M1",31469,4110,0.149932518968729,0.0282401784108929,1.16175584360067,1.0992001581534,1.22787158474186,5.30919163424606,1.1011251096156e-07,"full_metals","1.162 (1.099, 1.228)","1.1e-07"
"cadmium_full","cadmium","all_cause","M2",31469,4110,0.165785670050386,0.0277617396218275,1.18032009666412,1.11781251092352,1.246323079206,5.97173204232624,2.34747871428278e-09,"full_metals","1.180 (1.118, 1.246)","2.3e-09"
"cadmium_full","cadmium","all_cause","M3",31469,4110,0.141965505725836,0.0282128290142623,1.15253689192779,1.09053606375448,1.2180626862365,5.03194860940989,4.85519429004367e-07,"full_metals","1.153 (1.091, 1.218)","4.9e-07"
"pfas_primary","pfas","cvd","M0",10169,404,-0.111968007668716,0.0525278323399036,0.894072860517962,0.806605427873243,0.991025168306195,-2.13159391280759,0.0330402446053142,"secondary_outcome","0.894 (0.807, 0.991)","0.033"
"pfas_primary","pfas","cvd","M1",10169,404,-0.0838535292490956,0.0464473809019476,0.919565935744684,0.839550438231389,1.00720751449234,-1.80534462053122,0.0710207713302901,"secondary_outcome","0.920 (0.840, 1.007)","0.071"
"pfas_primary","pfas","cvd","M2",10169,404,-0.0756358255394087,0.0514538443297262,0.927153790817525,0.83821260343706,1.02553236291424,-1.4699742366133,0.141568731771275,"secondary_outcome","0.927 (0.838, 1.026)","0.142"
"pfas_primary","pfas","cvd","M3",10169,404,-0.0471895857277574,0.0468838742091773,0.953906533381933,0.870158160103524,1.04571526895809,-1.00652061127065,0.314165201924289,"secondary_outcome","0.954 (0.870, 1.046)","0.314"
"pfas_primary","pfas","cancer","M0",10169,284,-0.024412957610367,0.0755795973208687,0.975882628377662,0.841519370733298,1.13169932563694,-0.323009892560332,0.746687750140675,"secondary_outcome","0.976 (0.842, 1.132)","0.747"
"pfas_primary","pfas","cancer","M1",10169,284,0.00693722631483719,0.073133619250244,1.00696134460841,0.872491791062033,1.16215551816404,0.0948568713808602,0.924428513642551,"secondary_outcome","1.007 (0.872, 1.162)","0.924"
"pfas_primary","pfas","cancer","M2",10169,284,0.0185075615208029,0.0748594752177337,1.01867988790962,0.879664834621466,1.17966374599718,0.247230714174424,0.804729676470717,"secondary_outcome","1.019 (0.880, 1.180)","0.805"
"pfas_primary","pfas","cancer","M3",10169,284,0.0485466749374141,0.0745981427061598,1.04974436742953,0.906954497665011,1.21501490955398,0.650775919832726,0.515191146712093,"secondary_outcome","1.050 (0.907, 1.215)","0.515"
"pfas_primary","pfas","all_cause","M0",10169,1328,-0.147650167972995,0.0377858666870911,0.862732873746508,0.801148379855159,0.929051384435767,-3.90755012173472,9.3236704091493e-05,"linear_albumin_egfr","0.863 (0.801, 0.929)","9.3e-05"
"pfas_primary","pfas","all_cause","M1",10169,1328,-0.134130104512075,0.0363310703356667,0.874476283891566,0.814372261435148,0.939016230416756,-3.69188419919459,0.000222598818769054,"linear_albumin_egfr","0.874 (0.814, 0.939)","2.2e-04"
"pfas_primary","pfas","all_cause","M2",10169,1328,-0.105193162549438,0.0383160354433693,0.900150630401431,0.835027006075584,0.970353235903306,-2.74540832140404,0.00604356507432643,"linear_albumin_egfr","0.900 (0.835, 0.970)","0.006"
"pfas_primary","pfas","all_cause","M3",10169,1328,-0.0911661626294875,0.0368024990505721,0.912866014079174,0.849338272771834,0.981145423885382,-2.47717315349187,0.0132427638391569,"linear_albumin_egfr","0.913 (0.849, 0.981)","0.013"
"pfas_primary_healthy","pfas","all_cause","M0",7283,494,-0.113751537807803,0.0566219450362858,0.892479675793499,0.798733036708524,0.997229280745449,-2.00896556511624,0.0445407857278709,"exclude_baseline_diabetes_cvd_cancer","0.892 (0.799, 0.997)","0.045"
"pfas_primary_healthy","pfas","all_cause","M1",7283,494,-0.10032953291562,0.0562525618020238,0.904539293447062,0.810112195385794,1.00997286307987,-1.78355491201843,0.0744960176323674,"exclude_baseline_diabetes_cvd_cancer","0.905 (0.810, 1.010)","0.074"
"pfas_primary_healthy","pfas","all_cause","M2",7283,494,-0.0914665545876174,0.0620295907475367,0.912591837651954,0.808121938042373,1.03056707526891,-1.47456324449875,0.140330002710024,"exclude_baseline_diabetes_cvd_cancer","0.913 (0.808, 1.031)","0.140"
"pfas_primary_healthy","pfas","all_cause","M3",7283,494,-0.0789083315344352,0.0612546902623728,0.924124633649603,0.819578317182436,1.04200699385745,-1.28820064547623,0.197676127367778,"exclude_baseline_diabetes_cvd_cancer","0.924 (0.820, 1.042)","0.198"
"pfas_primary_not_pregnant","pfas","all_cause","M0",9950,1327,-0.148004950967261,0.0378040053922021,0.862426845084401,0.800835725264676,0.928754849037752,-3.91506004275912,9.03817129141768e-05,"exclude_known_pregnancy","0.862 (0.801, 0.929)","9e-05"
"pfas_primary_not_pregnant","pfas","all_cause","M1",9950,1327,-0.108451061024389,0.0362329256191218,0.897222802907423,0.83571612221446,0.96325622619791,-2.9931632395468,0.0027610202773461,"exclude_known_pregnancy","0.897 (0.836, 0.963)","0.003"
"pfas_primary_not_pregnant","pfas","all_cause","M2",9950,1327,-0.0973772210135202,0.0386962780478216,0.90721372149935,0.840952137265113,0.978696289604928,-2.51644927951932,0.0118543961293458,"exclude_known_pregnancy","0.907 (0.841, 0.979)","0.012"
"pfas_primary_not_pregnant","pfas","all_cause","M3",9950,1327,-0.0602691163160052,0.0371456584327906,0.941511123482352,0.875400949983756,1.01261392926002,-1.62250768619576,0.104694688711074,"exclude_known_pregnancy","0.942 (0.875, 1.013)","0.105"
