"cohort","characteristic","level","estimate","robust_se","display"
"Full metals cohort","Participants","Unweighted n",31469,NA,"31,469"
"Full metals cohort","All-cause deaths","Unweighted n",4110,NA," 4,110"
"Full metals cohort","Age, years","Mean (SE)",47.0643826328048,0.228590235686129,"47.1 (0.2)"
"Full metals cohort","Sex, %","Male",48.2870254531585,0.310537176672753,"48.3 (0.3)"
"Full metals cohort","Sex, %","Female",51.7129745468415,0.310537176672753,"51.7 (0.3)"
"Full metals cohort","Race and ethnicity, %","Mexican American",8.08280023323515,0.638192581643911,"8.1 (0.6)"
"Full metals cohort","Race and ethnicity, %","Other Hispanic",5.07477576076306,0.389288509920648,"5.1 (0.4)"
"Full metals cohort","Race and ethnicity, %","Non-Hispanic White",68.9260299277873,1.19658746174158,"68.9 (1.2)"
"Full metals cohort","Race and ethnicity, %","Non-Hispanic Black",10.646810960902,0.627899429603214,"10.6 (0.6)"
"Full metals cohort","Race and ethnicity, %","Other or multiracial",7.26958311731246,0.350394156088092,"7.3 (0.4)"
"Full metals cohort","Education, %","Less than high school",15.7134232430289,0.527482607224749,"15.7 (0.5)"
"Full metals cohort","Education, %","High school or GED",23.4637515833422,0.471918955358675,"23.5 (0.5)"
"Full metals cohort","Education, %","Some college or associate degree",31.5242272132186,0.494900067266152,"31.5 (0.5)"
"Full metals cohort","Education, %","College graduate or above",29.2985979604103,0.864668695360911,"29.3 (0.9)"
"Full metals cohort","Poverty-income ratio","Mean (SE)",3.01004745177578,0.0308581848473934,"3.01 (0.03)"
"Full metals cohort","Smoking status, %","Never",54.4626108615347,0.57753856795538,"54.5 (0.6)"
"Full metals cohort","Smoking status, %","Former",25.0192102276438,0.456474577683944,"25.0 (0.5)"
"Full metals cohort","Smoking status, %","Current",20.5181789108215,0.454585909617845,"20.5 (0.5)"
"Full metals cohort","Body mass index, kg/m²","Mean (SE)",28.9702358286323,0.0782182858432298,"29.0 (0.1)"
"Full metals cohort","Serum albumin, g/dL","Mean (SE)",4.25975541229397,0.00462688363530418,"4.260 (0.005)"
"Full metals cohort","eGFR, mL/min/1.73 m²","Mean (SE)",96.221405281937,0.275899411648504,"96.2 (0.3)"
