"contrast","estimate","robust_se","ci_low","ci_high","z","p_value","scenario","n","events","scale","p_holm_within_scenario","p_display","p_holm_display"
"delta_pfas",0.0458298607758994,0.00988892521944136,0.0264479234999844,0.0652117980518143,4.634463276737,3.57864753166342e-06,"raw_age_and_raw_age_egfr",8705,1266,1,NA,"3.6e-06",NA
"delta_lead",-0.00481985155252167,0.00930607936962033,-0.0230594319542487,0.0134197288492054,-0.517925042446561,0.604510568896024,"raw_age_and_raw_age_egfr",8705,1266,1,NA,"0.605",NA
"delta_cadmium",-0.00666251312538435,0.00634237842975597,-0.0190933464240297,0.00576832017326104,-1.05047549577402,0.293499551352369,"raw_age_and_raw_age_egfr",8705,1266,1,NA,"0.293",NA
"pfas_minus_lead",0.050649712328421,0.0153138039045418,0.0206352082092103,0.0806642164476318,3.30745467580392,0.000941479456618176,"raw_age_and_raw_age_egfr",8705,1266,NA,0.000941479456618176,"9.4e-04","9.4e-04"
"pfas_minus_cadmium",0.0524923739012837,0.0121842177705142,0.0286117458912829,0.0763730019112845,4.3082268299829,1.64568565902106e-05,"raw_age_and_raw_age_egfr",8705,1266,NA,3.29137131804212e-05,"1.6e-05","3.3e-05"
"delta_pfas",0.047456572364728,0.0100695064496109,0.0277207023813968,0.0671924423480591,4.71289954499823,2.44216606253772e-06,"cadmium_llod_over_2",8705,1266,1,NA,"2.4e-06",NA
"delta_cadmium",-0.00601578818349791,0.00658791367299691,-0.0189278617158308,0.00689628534883503,-0.913155284374159,0.361160877695857,"cadmium_llod_over_2",8705,1266,1,NA,"0.361",NA
"pfas_minus_cadmium",0.0534723605482259,0.0124921348187573,0.0289882262134428,0.077956494883009,4.28048218531356,1.86488815809435e-05,"cadmium_llod_over_2",8705,1266,NA,1.86488815809435e-05,"1.9e-05","1.9e-05"
"delta_pfas",0.0422482003658888,0.0108403404137129,0.0210015235748576,0.06349487715692,3.89731306891853,9.72658468807102e-05,"exclude_2009_2010",7043,1055,1,NA,"9.7e-05",NA
"delta_cadmium",-0.00700013030111485,0.00735566109829252,-0.0214169611362505,0.00741670053402082,-0.95166569089756,0.341266554588017,"exclude_2009_2010",7043,1055,1,NA,"0.341",NA
"pfas_minus_cadmium",0.0492483306670037,0.013935774855824,0.0219347138529297,0.0765619474810776,3.53394993651335,0.000409398616429056,"exclude_2009_2010",7043,1055,NA,0.000409398616429056,"4.1e-04","4.1e-04"
