"cohort","analyte","model","n","events","beta","robust_se","hr","ci_low","ci_high","p_value","hr_95_ci","p_display"
"pfas_primary","pfas","M0",10169,1328,-0.147650167972995,0.0377858666870911,0.862732873746508,0.801148379855159,0.929051384435767,9.3236704091493e-05,"0.863 (0.801-0.929)","9.3e-05"
"pfas_primary","pfas","M1",10169,1328,-0.108429647994996,0.0362856174827368,0.897242015371371,0.83564771235213,0.963376339392701,0.00280601410030554,"0.897 (0.836-0.963)","0.003"
"pfas_primary","pfas","M2",10169,1328,-0.0978291273912907,0.0386342474954812,0.90680383845396,0.840674392490321,0.978135183824221,0.0113353620216313,"0.907 (0.841-0.978)","0.011"
"pfas_primary","pfas","M3",10169,1328,-0.0605125180119516,0.0370897219184039,0.941281985965505,0.875283857056711,1.01225650394437,0.102781240626054,"0.941 (0.875-1.012)","0.103"
"overlap_primary","pfas","M0",8705,1266,-0.137677262790858,0.0383102798899185,0.871379873077858,0.808346859018108,0.939328055443306,0.000325962584663206,"0.871 (0.808-0.939)","3.3e-04"
"overlap_primary","pfas","M1",8705,1266,-0.102202459172264,0.0376452242198889,0.90284674355953,0.838629939738792,0.971980850826691,0.00662987637512,"0.903 (0.839-0.972)","0.007"
"overlap_primary","pfas","M2",8705,1266,-0.0887924674541996,0.0394984927188049,0.915035453507802,0.846869990145708,0.988687627285233,0.0245764226764841,"0.915 (0.847-0.989)","0.025"
"overlap_primary","pfas","M3",8705,1266,-0.0547458868075359,0.0386695656569055,0.946725692877575,0.877624158228005,1.02126807831294,0.156852885125508,"0.947 (0.878-1.021)","0.157"
"overlap_primary","lead","M0",8705,1266,0.036282990975002,0.0480164231356513,1.0369492522533,0.943812770316262,1.1392765446354,0.449866802793563,"1.037 (0.944-1.139)","0.450"
"overlap_primary","lead","M1",8705,1266,-0.00161724138098331,0.0504336183408559,0.998384065649169,0.904416479800657,1.10211475001192,0.974418832862292,"0.998 (0.904-1.102)","0.974"
"overlap_primary","lead","M2",8705,1266,0.0324702874499031,0.0471091612550439,1.03300319952867,0.941894532476155,1.13292473142525,0.490661976045904,"1.033 (0.942-1.133)","0.491"
"overlap_primary","lead","M3",8705,1266,-0.0057157533948253,0.0493238509308821,0.994300550445909,0.902678589906846,1.09522214847154,0.907745950605865,"0.994 (0.903-1.095)","0.908"
"overlap_primary","cadmium","M0",8705,1266,0.190711739087489,0.0461700637385769,1.21011057422143,1.10541416753714,1.32472302675938,3.61760604338526e-05,"1.210 (1.105-1.325)","3.6e-05"
"overlap_primary","cadmium","M1",8705,1266,0.159969648871049,0.0477645943108828,1.17347525415255,1.06860361587498,1.2886388850377,0.000810668944994356,"1.173 (1.069-1.289)","8.1e-04"
"overlap_primary","cadmium","M2",8705,1266,0.183098742900232,0.0478671608363753,1.20093298583238,1.09338767104417,1.31905642861599,0.000130696115908248,"1.201 (1.093-1.319)","1.3e-04"
"overlap_primary","cadmium","M3",8705,1266,0.153649698611297,0.0489963993084798,1.1660823349632,1.05931081336228,1.28361571954256,0.00171305078994921,"1.166 (1.059-1.284)","0.002"
