"analyte","contrast","estimate","robust_se","ci_low","ci_high","z","p_value","cohort","estimate_95_ci","beta_albumin","deviance_incremental_r2"
"pfas","albumin_conditional_egfr",0.047456572364728,0.0100695064496109,0.0277207023813968,0.0671924423480591,4.71289954499823,2.44216606253772e-06,"overlap_primary","0.0475 (0.0277 to 0.0672)",0.458867968305344,0.0251694927387802
"pfas","egfr_conditional_albumin",0.0340465806466637,0.0115521845304854,0.0114047150241515,0.0566884462691758,2.94719847634161,0.0032066731144001,"overlap_primary","0.0340 (0.0114 to 0.0567)",0.458867968305344,0.0251694927387802
"pfas","joint_albumin_egfr",0.0829313759833223,0.0158108747787813,0.0519426308528383,0.113920121113806,5.24521110587878,1.5610348339017e-07,"overlap_primary","0.0829 (0.0519 to 0.1139)",0.458867968305344,0.0251694927387802
"lead","albumin_conditional_egfr",-0.00409851201384199,0.00952721304963239,-0.0227715064641615,0.0145744824364775,-0.430190024353463,0.667057417955454,"overlap_primary","-0.0041 (-0.0228 to 0.0146)",0.123460796866361,0.00229422660087553
"lead","egfr_conditional_albumin",-0.0381860408447285,0.0105950210101624,-0.058951900440092,-0.0174201812493649,-3.60414961028407,0.00031317662887187,"overlap_primary","-0.0382 (-0.0590 to -0.0174)",0.123460796866361,0.00229422660087553
"lead","joint_albumin_egfr",-0.0419987443698273,0.014781430508424,-0.0709698158063199,-0.0130276729333348,-2.84131798650287,0.00449274898748332,"overlap_primary","-0.0420 (-0.0710 to -0.0130)",0.123460796866361,0.00229422660087553
"cadmium","albumin_conditional_egfr",-0.00631995025975238,0.00677081952956883,-0.0195905126835277,0.00695061216402296,-0.933409941315455,0.350608349475148,"overlap_primary","-0.0063 (-0.0196 to 0.0070)",-0.0660699526865148,0.000574103221779199
"cadmium","egfr_conditional_albumin",-0.0294490442889355,0.0109900457054687,-0.0509891380601033,-0.00790895051776776,-2.67961072029769,0.00737078225423836,"overlap_primary","-0.0294 (-0.0510 to -0.0079)",-0.0660699526865148,0.000574103221779199
"cadmium","joint_albumin_egfr",-0.0370620404761923,0.0120331028222336,-0.0606464886300374,-0.0134775923223472,-3.0800069627688,0.00206995755780392,"overlap_primary","-0.0371 (-0.0606 to -0.0135)",-0.0660699526865148,0.000574103221779199
