"contrast","estimate","robust_se","ci_low","ci_high","z","p_value","analyte","cohort","p_holm","estimate_95_ci"
"albumin_conditional_egfr",0.0443940944464213,0.00962597451510838,0.0255275310807085,0.0632606578121341,4.61190650118,3.98992468212496e-06,"pfoa","overlap_primary",1.19697740463749e-05,"0.0444 (0.0255 to 0.0633)"
"egfr_conditional_albumin",0.0321471415920404,0.0126675948510105,0.00731911191331474,0.056975171270766,2.53774627071184,0.0111568839782512,"pfoa","overlap_primary",NA,"0.0321 (0.0073 to 0.0570)"
"joint_albumin_egfr",0.0784199237025195,0.0171030185634818,0.0448986232911753,0.111941224113864,4.58515106040761,4.53658323874483e-06,"pfoa","overlap_primary",NA,"0.0784 (0.0449 to 0.1119)"
"albumin_conditional_egfr",0.0389079234517813,0.00821170461874918,0.0228132781473517,0.0550025687562109,4.73810557712289,2.15725419271466e-06,"pfos","overlap_primary",8.62901677085865e-06,"0.0389 (0.0228 to 0.0550)"
"egfr_conditional_albumin",0.0296164072100659,0.0099368568631266,0.0101405256388081,0.0490922887813237,2.98046028216081,0.00287815558787752,"pfos","overlap_primary",NA,"0.0296 (0.0101 to 0.0491)"
"joint_albumin_egfr",0.0700236036891932,0.0130138707386428,0.0445168857419937,0.0955303216363927,5.38068996499776,7.42008913288754e-08,"pfos","overlap_primary",NA,"0.0700 (0.0445 to 0.0955)"
"albumin_conditional_egfr",0.0263501636618252,0.0064104144645443,0.0137859821853437,0.0389143451383066,4.11052418023307,3.94761936424985e-05,"pfhxs","overlap_primary",5.40447279742183e-05,"0.0264 (0.0138 to 0.0389)"
"egfr_conditional_albumin",0.0177624333543075,0.0068266111333168,0.00438252139654643,0.0311423453120686,2.60194011456419,0.00926980375421742,"pfhxs","overlap_primary",NA,"0.0178 (0.0044 to 0.0311)"
"joint_albumin_egfr",0.0446431971736115,0.00995295074087405,0.0251357721815971,0.0641506221656259,4.48542330168219,7.27693199889677e-06,"pfhxs","overlap_primary",NA,"0.0446 (0.0251 to 0.0642)"
"albumin_conditional_egfr",0.0384447344631639,0.00915959333153092,0.0204922614203301,0.0563972075059978,4.19720975284154,2.70223639871092e-05,"pfna","overlap_primary",5.40447279742183e-05,"0.0384 (0.0205 to 0.0564)"
"egfr_conditional_albumin",0.0215732695270401,0.00808140937945145,0.00573399819899106,0.0374125408550891,2.66949346507483,0.00759657513563385,"pfna","overlap_primary",NA,"0.0216 (0.0057 to 0.0374)"
"joint_albumin_egfr",0.0604568747045362,0.012673593121321,0.0356170886320325,0.08529666077704,4.77030263839137,1.83949338971709e-06,"pfna","overlap_primary",NA,"0.0605 (0.0356 to 0.0853)"
