"characteristic","level","row_order","Primary PFAS cohort","PFAS-metals overlap cohort"
"Participants","Unweighted n",1,"10,169","8,705"
"All-cause deaths","Unweighted n",2," 1,328","1,266"
"Age, years","Mean (SE)",3,"46.8 (0.3)","46.7 (0.3)"
"Sex, %","Male",4,"48.4 (0.7)","48.5 (0.7)"
"Sex, %","Female",5,"51.6 (0.7)","51.5 (0.7)"
"Race and ethnicity, %","Mexican American",6,"8.0 (0.7)","8.0 (0.7)"
"Race and ethnicity, %","Other Hispanic",7,"5.1 (0.4)","4.9 (0.5)"
"Race and ethnicity, %","Non-Hispanic White",8,"69.6 (1.3)","70.4 (1.4)"
"Race and ethnicity, %","Non-Hispanic Black",9,"10.5 (0.7)","10.4 (0.7)"
"Race and ethnicity, %","Other or multiracial",10,"6.8 (0.4)","6.3 (0.4)"
"Education, %","Less than high school",11,"15.6 (0.6)","16.1 (0.6)"
"Education, %","High school or GED",12,"23.6 (0.7)","24.0 (0.7)"
"Education, %","Some college or associate degree",13,"31.6 (0.7)","30.9 (0.7)"
"Education, %","College graduate or above",14,"29.3 (1.1)","28.9 (1.1)"
"Poverty-income ratio","Mean (SE)",15,"3.03 (0.03)","3.02 (0.03)"
"Smoking status, %","Never",16,"54.9 (0.7)","54.7 (0.7)"
"Smoking status, %","Former",17,"24.2 (0.6)","24.1 (0.6)"
"Smoking status, %","Current",18,"20.9 (0.6)","21.1 (0.6)"
"Body mass index, kg/m²","Mean (SE)",19,"28.9 (0.1)","28.8 (0.1)"
"Serum albumin, g/dL","Mean (SE)",20,"4.26 (0.01)","4.24 (0.01)"
"eGFR, mL/min/1.73 m²","Mean (SE)",21,"96.5 (0.4)","96.3 (0.4)"
"log2 Sigma4PFAS, nmol/L","Mean (SE)",22,"5.04 (0.03)","5.19 (0.03)"
