"comparison_type","analyte","contrast","estimate","robust_se","ci_low","ci_high","p_value","p_holm","estimate_95_ci"
"Within-analyte coefficient change","pfas","albumin_conditional_egfr",0.0424291578520327,0.0102165144450447,0.0224051574922118,0.0624531582118536,3.28148479211508e-05,NA,"0.0424 (0.0224 to 0.0625)"
"Within-analyte coefficient change","pfas","egfr_conditional_albumin",0.0123885002465867,0.00858064739700535,-0.00442925961558114,0.0292062601087545,0.148803061849548,NA,"0.0124 (-0.0044 to 0.0292)"
"Within-analyte coefficient change","pfas","joint_albumin_egfr",0.0542503557405428,0.0135563071564002,0.0276804819506358,0.0808202295304498,6.28482000480775e-05,NA,"0.0543 (0.0277 to 0.0808)"
"Within-analyte coefficient change","lead","albumin_conditional_egfr",-0.00428517500462067,0.00992143927200322,-0.0237308386525483,0.0151604886433069,0.665806374571613,NA,"-0.0043 (-0.0237 to 0.0152)"
"Within-analyte coefficient change","lead","egfr_conditional_albumin",-0.0310074008322414,0.00932363792806784,-0.049281395376146,-0.0127334062883368,0.000882043279005735,NA,"-0.0310 (-0.0493 to -0.0127)"
"Within-analyte coefficient change","lead","joint_albumin_egfr",-0.0336742336456281,0.014115343007781,-0.0613397975703081,-0.00600866972094813,0.0170490810523267,NA,"-0.0337 (-0.0613 to -0.0060)"
"Within-analyte coefficient change","cadmium","albumin_conditional_egfr",-0.0113226184183552,0.00686057578346741,-0.024769099867159,0.00212386303044858,0.098863411056069,NA,"-0.0113 (-0.0248 to 0.0021)"
"Within-analyte coefficient change","cadmium","egfr_conditional_albumin",-0.0263119465902349,0.00890796989265291,-0.0437712467552018,-0.00885264642526808,0.00313934728163234,NA,"-0.0263 (-0.0438 to -0.0089)"
"Within-analyte coefficient change","cadmium","joint_albumin_egfr",-0.036673433880614,0.0104334052948901,-0.057122532494708,-0.01622433526652,0.000439751723595474,NA,"-0.0367 (-0.0571 to -0.0162)"
"PFAS-minus-metal difference","pfas_vs_lead","albumin_conditional_pfas_minus_lead",0.0467143328566534,0.0166434261409495,0.01409381704104,0.0793348486722668,0.00500403625198873,0.00500403625198873,"0.0467 (0.0141 to 0.0793)"
"PFAS-minus-metal difference","pfas_vs_cadmium","albumin_conditional_pfas_minus_cadmium",0.0537517762703879,0.013519514507441,0.0272540147473368,0.080249537793439,7.01236437002558e-05,0.000140247287400512,"0.0538 (0.0273 to 0.0802)"
