"contrast","estimate","robust_se","ci_low","ci_high","z","p_value","analyte","cohort"
"albumin_conditional_egfr",0.047456572364728,0.0100695064496109,0.0277207023813968,0.0671924423480591,4.71289954499823,2.44216606253772e-06,"pfas","overlap_primary"
"egfr_conditional_albumin",0.0340465806466637,0.0115521845304854,0.0114047150241515,0.0566884462691758,2.94719847634161,0.0032066731144001,"pfas","overlap_primary"
"joint_albumin_egfr",0.0829313759833223,0.0158108747787813,0.0519426308528383,0.113920121113806,5.24521110587878,1.5610348339017e-07,"pfas","overlap_primary"
"albumin_conditional_egfr",-0.00409851201384199,0.00952721304963239,-0.0227715064641615,0.0145744824364775,-0.430190024353463,0.667057417955454,"lead","overlap_primary"
"egfr_conditional_albumin",-0.0381860408447285,0.0105950210101624,-0.058951900440092,-0.0174201812493649,-3.60414961028407,0.00031317662887187,"lead","overlap_primary"
"joint_albumin_egfr",-0.0419987443698273,0.014781430508424,-0.0709698158063199,-0.0130276729333348,-2.84131798650287,0.00449274898748332,"lead","overlap_primary"
"albumin_conditional_egfr",-0.00631995025975238,0.00677081952956883,-0.0195905126835277,0.00695061216402296,-0.933409941315455,0.350608349475148,"cadmium","overlap_primary"
"egfr_conditional_albumin",-0.0294490442889355,0.0109900457054687,-0.0509891380601033,-0.00790895051776776,-2.67961072029769,0.00737078225423836,"cadmium","overlap_primary"
"joint_albumin_egfr",-0.0370620404761923,0.0120331028222336,-0.0606464886300374,-0.0134775923223472,-3.0800069627688,0.00206995755780392,"cadmium","overlap_primary"
