"cohort","analyte","outcome","model","n","events","beta","robust_se","hr","ci_low","ci_high","z","p_value"
"overlap_primary","pfoa","all_cause","M0",8705,1266,-0.156623661449712,0.0344335182936407,0.855025777437868,0.799225522445171,0.914721889569516,-4.54858141750326,5.40087480236508e-06
"overlap_primary","pfoa","all_cause","M1",8705,1266,-0.122597832193614,0.0329521439042713,0.884619356457783,0.829292088570149,0.943637852821004,-3.72048120904579,0.000198843537381179
"overlap_primary","pfoa","all_cause","M2",8705,1266,-0.110350879339233,0.0354904360345817,0.89551986074652,0.835344674256179,0.960029848404262,-3.10931314655329,0.00187522853985421
"overlap_primary","pfoa","all_cause","M3",8705,1266,-0.078203737747193,0.0347226630302624,0.924775995570944,0.86393399589711,0.989902754198461,-2.25223905433275,0.0243071692434894
"overlap_primary","pfos","all_cause","M0",8705,1266,-0.126684662825254,0.0346379920410559,0.881011444458773,0.823185359303989,0.94289962338932,-3.65739049408801,0.000254796057192448
"overlap_primary","pfos","all_cause","M1",8705,1266,-0.095568982587842,0.0338972734171535,0.908855664275486,0.850435746715611,0.971288685448282,-2.81937079161889,0.00481178987914621
"overlap_primary","pfos","all_cause","M2",8705,1266,-0.0862774663461266,0.0354659794772851,0.917339665019997,0.855739297008112,0.983374333703205,-2.43268246408885,0.0149874380057923
"overlap_primary","pfos","all_cause","M3",8705,1266,-0.0566610591360607,0.0344131794907884,0.94491428516051,0.883282982240732,1.01084592848756,-1.6464929999051,0.0996623001059218
"overlap_primary","pfhxs","all_cause","M0",8705,1266,-0.0712048887151988,0.0310636121535505,0.931271065647021,0.876263486351394,0.989731754454907,-2.29222823035602,0.0218924767461412
"overlap_primary","pfhxs","all_cause","M1",8705,1266,-0.0529118552034125,0.0311619645608498,0.948463610929916,0.892268499373125,1.0081978932241,-1.69796275520729,0.0895147915791496
"overlap_primary","pfhxs","all_cause","M2",8705,1266,-0.0443241248958948,0.0313342375301014,0.956643835133105,0.899660236496974,1.01723671912141,-1.41455891030744,0.157197863437076
"overlap_primary","pfhxs","all_cause","M3",8705,1266,-0.0265616915415873,0.0314024749010505,0.973787967501559,0.915660687549418,1.03560523952235,-0.845847074960922,0.397638060372567
"overlap_primary","pfna","all_cause","M0",8705,1266,-0.0960985848185481,0.0416793941494147,0.908374459723045,0.8371192912481,0.985694831912055,-2.30566174916191,0.0211295400196635
"overlap_primary","pfna","all_cause","M1",8705,1266,-0.0740864445771758,0.0419700460801132,0.928591418679104,0.855263027096795,1.00820682705238,-1.76522190220516,0.0775264789985838
"overlap_primary","pfna","all_cause","M2",8705,1266,-0.0572149796410519,0.0425309042966872,0.944391022698783,0.868859349329316,1.0264888148381,-1.34525659840034,0.178542384232869
"overlap_primary","pfna","all_cause","M3",8705,1266,-0.0356417101140119,0.0428806820184858,0.964985976267519,0.887198705082171,1.04959343274372,-0.831183377602221,0.405870043648708
