"","pfoa_M0","pfoa_M1","pfoa_M2","pfoa_M3","pfos_M0","pfos_M1","pfos_M2","pfos_M3","pfhxs_M0","pfhxs_M1","pfhxs_M2","pfhxs_M3","pfna_M0","pfna_M1","pfna_M2","pfna_M3"
"pfoa_M0",0.00118566718207849,0.00105324912627166,0.00117579937926292,0.00104940863300442,0.00075313206687769,0.000711161074978306,0.000734456813230016,0.00069024337240921,0.000365845798714457,0.000350876442879814,0.000333924010062543,0.000316279994271621,0.00104869012090768,0.00103771775999721,0.0010122374079568,0.000994911071255073
"pfoa_M1",0.00105324912627166,0.00108584378788781,0.00106538147043344,0.00109942386521772,0.000630586233412551,0.000702395541311399,0.000621050363982558,0.000689314040847365,0.000379175114807423,0.000429714738923902,0.000354391808273529,0.000402842586689938,0.000943568135050219,0.00101801462389659,0.000915993636474908,0.000983748341226897
"pfoa_M2",0.00117579937926292,0.00106538147043344,0.00125957104992473,0.00115238320926427,0.000762159295632761,0.000731103663440096,0.000814281342383415,0.0007804757165184,0.000384754280626041,0.000381191771537726,0.000402610395270507,0.000396094426316927,0.00106666671430652,0.0010710070948825,0.00110747941223011,0.00110670966725697
"pfoa_M3",0.00104940863300442,0.00109942386521772,0.00115238320926427,0.00120566332791315,0.000633252407305679,0.000710280471855053,0.000692163123745708,0.000769052722858935,0.000384586890149327,0.000443807276115585,0.0004074741809095,0.000467069352134227,0.000959395097382307,0.0010436374232683,0.00100549852808529,0.00108758224994558
"pfos_M0",0.00075313206687769,0.000630586233412551,0.000762159295632761,0.000633252407305679,0.00119979049263625,0.00112175501130151,0.00119513742133032,0.00110734829184968,0.000566498738028715,0.00056877271558155,0.000577070017696705,0.000568952318576933,0.00100901099015407,0.000991943521536494,0.000994906790014206,0.00096738162349792
"pfos_M1",0.000711161074978306,0.000702395541311399,0.000731103663440096,0.000710280471855053,0.00112175501130151,0.00114902514511726,0.00112076970234889,0.00113292998751845,0.000574625849631041,0.000634198311981137,0.000587601567759459,0.000633794614305191,0.000934856886394908,0.00099208795604282,0.000924236014594907,0.000966572250605997
"pfos_M2",0.000734456813230016,0.000621050363982558,0.000814281342383415,0.000692163123745708,0.00119513742133032,0.00112076970234889,0.00125783570028321,0.00117168074931508,0.000571239067536766,0.00057867143557265,0.000627516045994061,0.000622984439533682,0.00101179865875683,0.00100190882529536,0.00105979814332024,0.00103953939235987
"pfos_M3",0.00069024337240921,0.000689314040847365,0.0007804757165184,0.000769052722858935,0.00110734829184968,0.00113292998751845,0.00117168074931508,0.00118426692266522,0.000565912556178041,0.000627847587447373,0.000623203570394354,0.000672948289419158,0.000934212459136726,0.00099345563054565,0.000983342602268754,0.00103119259768105
"pfhxs_M0",0.000365845798714457,0.000379175114807423,0.000384754280626041,0.000384586890149327,0.000566498738028715,0.000574625849631041,0.000571239067536766,0.000565912556178041,0.000964948000026212,0.000943988100661675,0.000951363373979668,0.000926001100743526,0.000400275029469033,0.00041719117869557,0.000404549495812955,0.000407482222496498
"pfhxs_M1",0.000350876442879814,0.000429714738923902,0.000381191771537726,0.000443807276115585,0.00056877271558155,0.000634198311981137,0.00057867143557265,0.000627847587447373,0.000943988100661675,0.00097106803529166,0.000937356539553475,0.000958045025797763,0.000400177040802779,0.000461504662983737,0.000412154431394436,0.000458522615431095
"pfhxs_M2",0.000333924010062543,0.000354391808273529,0.000402610395270507,0.0004074741809095,0.000577070017696705,0.000587601567759459,0.000627516045994061,0.000623203570394354,0.000951363373979668,0.000937356539553475,0.000981834441592816,0.000960673625969198,0.000391535263126242,0.000416164067091139,0.000433625566962061,0.000445489723281033
"pfhxs_M3",0.000316279994271621,0.000402842586689938,0.000396094426316927,0.000467069352134227,0.000568952318576933,0.000633794614305191,0.000622984439533682,0.000672948289419158,0.000926001100743526,0.000958045025797763,0.000960673625969198,0.000986115429911105,0.000385613135744609,0.000452123280171979,0.000434475056217063,0.000489361105665901
"pfna_M0",0.00104869012090768,0.000943568135050219,0.00106666671430652,0.000959395097382307,0.00100901099015407,0.000934856886394908,0.00101179865875683,0.000934212459136726,0.000400275029469033,0.000400177040802779,0.000391535263126242,0.000385613135744609,0.00173717189666227,0.00171330188852194,0.00173096052676335,0.00170765241221398
"pfna_M1",0.00103771775999721,0.00101801462389659,0.0010710070948825,0.0010436374232683,0.000991943521536494,0.00099208795604282,0.00100190882529536,0.00099345563054565,0.00041719117869557,0.000461504662983737,0.000416164067091139,0.000452123280171979,0.00171330188852194,0.00176148476796683,0.00171488001340756,0.00175816975416915
"pfna_M2",0.0010122374079568,0.000915993636474908,0.00110747941223011,0.00100549852808529,0.000994906790014206,0.000924236014594907,0.00105979814332024,0.000983342602268754,0.000404549495812955,0.000412154431394436,0.000433625566962061,0.000434475056217063,0.00173096052676335,0.00171488001340756,0.00180887782029397,0.00179116076655309
"pfna_M3",0.000994911071255073,0.000983748341226897,0.00110670966725697,0.00108758224994558,0.00096738162349792,0.000966572250605997,0.00103953939235987,0.00103119259768105,0.000407482222496498,0.000458522615431095,0.000445489723281033,0.000489361105665901,0.00170765241221398,0.00175816975416915,0.00179116076655309,0.00183875289037049
