"estimand","estimate","jkn_se","jkn_ci_low","jkn_ci_high","jkn_p_value","design_degrees_freedom","n_design_strata","n_design_psu","linearized_estimate","linearized_se","linearized_p_value","relative_se_difference","jkn_p_holm"
"pfas_M1",-0.102202459172261,0.037804009309332,-0.176296955889768,-0.0281079624547529,0.00686171617111528,94,90,184,-0.102202459172264,0.0376452242198889,0.00662987637512,0.00421793448527863,NA
"pfas_M3",-0.0547458868075367,0.0392741095221609,-0.131721726995854,0.0222299533807803,0.163334689072701,94,90,184,-0.0547458868075359,0.0386695656569055,0.156852885125508,0.015633583025453,NA
"lead_M1",-0.00161724138097616,0.0504783095631685,-0.10055291012525,0.0973184273632979,0.974441473524333,94,90,184,-0.00161724138098331,0.0504336183408559,0.974418832862292,0.000886139519290063,NA
"lead_M3",-0.00571575339483019,0.0493760948563939,-0.102491121010596,0.0910596142209352,0.907843127433209,94,90,184,-0.0057157533948253,0.0493238509308821,0.907745950605865,0.00105920208024668,NA
"cadmium_M1",0.159969648871046,0.0478391172680633,0.0662067019734537,0.253732595768638,0.000826068658067268,94,90,184,0.159969648871049,0.0477645943108828,0.000810668944994356,0.00156021333909973,NA
"cadmium_M3",0.153649698611294,0.0490301747732045,0.0575523219001085,0.249747075322479,0.00172571176133157,94,90,184,0.153649698611297,0.0489963993084798,0.00171305078994921,0.000689345854009371,NA
"delta_pfas",0.0474565723647239,0.0106183572357305,0.0266449746077119,0.0682681701217358,7.84777823874791e-06,94,90,184,0.047456572364728,0.0100695064496109,2.44216606253772e-06,0.0545062251924735,NA
"delta_lead",-0.00409851201385402,0.00985533212276589,-0.0234146080301558,0.0152175840024478,0.677506986062736,94,90,184,-0.00409851201384199,0.00952721304963239,0.667057417955454,0.034440194779328,NA
"delta_cadmium",-0.0063199502597524,0.00679456648890527,-0.0196370558685695,0.00699715534906468,0.352294626517056,94,90,184,-0.00631995025975238,0.00677081952956883,0.350608349475148,0.0035072503753395,NA
"pfas_minus_lead",0.0515550843785779,0.0157879920225851,0.0206111886261054,0.0824989801310504,0.00109285756486085,94,90,184,0.0515550843785699,0.0157247122765235,0.0010432239039507,0.00402422282511972,0.00109285756486085
"pfas_minus_cadmium",0.0537765226244763,0.0133016897134079,0.0277056898526699,0.0798473553962826,5.28090227955136e-05,94,90,184,0.0537765226244803,0.0126828645815632,2.23427411907991e-05,0.0487922210211273,0.000105618045591027
