"cohort","analyte","outcome","model","n","events","beta","robust_se","hr","ci_low","ci_high","z","p_value","excluded_cycle"
"pfas_leave_one_cycle_out","pfas","all_cause","M0",8821,970,-0.152336672856556,0.0447386079675478,0.85869913138,0.786609978708084,0.937394920216753,-3.40503828297602,0.000661547789482818,"2003-2004"
"pfas_leave_one_cycle_out","pfas","all_cause","M3",8821,970,-0.0357426297432146,0.0419051843179715,0.964888595154524,0.888806896123533,1.04748287296127,-0.852940520962845,0.393692289221285,"2003-2004"
"pfas_leave_one_cycle_out","pfas","all_cause","M0",8777,1052,-0.135241490787549,0.0445147781612322,0.873504942818971,0.800523930330184,0.95313938312183,-3.03812568261501,0.00238054646659772,"2005-2006"
"pfas_leave_one_cycle_out","pfas","all_cause","M3",8777,1052,-0.0630341786823946,0.0439339871509268,0.938911382386782,0.861445737390776,1.0233431378343,-1.43474751030114,0.151359060285211,"2005-2006"
"pfas_leave_one_cycle_out","pfas","all_cause","M0",8617,1056,-0.154354730327896,0.0424786009632011,0.856967974556786,0.788509157889011,0.931370424894078,-3.63370560300732,0.000279379624349249,"2007-2008"
"pfas_leave_one_cycle_out","pfas","all_cause","M3",8617,1056,-0.0621685074656027,0.0411952465103257,0.939724522851,0.866832334288581,1.01874623720895,-1.50911847195817,0.131268509819209,"2007-2008"
"pfas_leave_one_cycle_out","pfas","all_cause","M0",8507,1117,-0.148226644851796,0.0393445143806391,0.862235671518775,0.79824438940798,0.931356816414098,-3.76740308490721,0.000164954545309746,"2009-2010"
"pfas_leave_one_cycle_out","pfas","all_cause","M3",8507,1117,-0.0706202739735331,0.0379468545729303,0.931815659613805,0.865026841182366,1.00376125013034,-1.86103103322589,0.0627397943761856,"2009-2010"
"pfas_leave_one_cycle_out","pfas","all_cause","M0",8783,1207,-0.152047597684704,0.0384739245072411,0.858947395860793,0.796558182920864,0.926223149388368,-3.9519648601506,7.75121247598704e-05,"2011-2012"
"pfas_leave_one_cycle_out","pfas","all_cause","M3",8783,1207,-0.0570278733557704,0.0377100210667242,0.944567740726905,0.877272026283567,1.01702572302646,-1.51227370716302,0.130464246952978,"2011-2012"
"pfas_leave_one_cycle_out","pfas","all_cause","M0",8714,1268,-0.136988818068508,0.0383933054261231,0.871979976497955,0.808771932963237,0.940127925344235,-3.56803918152094,0.000359662730558573,"2015-2016"
"pfas_leave_one_cycle_out","pfas","all_cause","M3",8714,1268,-0.0543934806989709,0.03873429921551,0.94705938358875,0.877822111709578,1.02175767057944,-1.4042717126838,0.160237954317489,"2015-2016"
"pfas_leave_one_cycle_out","pfas","all_cause","M0",8795,1298,-0.153101700256034,0.0385278440892633,0.858042454236618,0.795634883790528,0.92534511529315,-3.97379359980072,7.07368672109881e-05,"2017-2018"
"pfas_leave_one_cycle_out","pfas","all_cause","M3",8795,1298,-0.0716104609291307,0.0376170978381253,0.930893444560642,0.864729430669944,1.00211993993845,-1.90366788095367,0.056953452051576,"2017-2018"
