"contrast","estimate","robust_se","ci_low","ci_high","z","p_value","analyte","cohort","physiology_specification"
"albumin_conditional_egfr",0.0424291578520327,0.0102165144450447,0.0224051574922118,0.0624531582118536,4.15299739262953,3.28148479211508e-05,"pfas","overlap_primary","linear"
"egfr_conditional_albumin",0.0123885002465867,0.00858064739700535,-0.00442925961558114,0.0292062601087545,1.44377220894898,0.148803061849548,"pfas","overlap_primary","linear"
"joint_albumin_egfr",0.0542503557405428,0.0135563071564002,0.0276804819506358,0.0808202295304498,4.00185353685573,6.28482000480775e-05,"pfas","overlap_primary","linear"
"albumin_conditional_egfr",-0.00428517500462067,0.00992143927200322,-0.0237308386525483,0.0151604886433069,-0.431910621749485,0.665806374571613,"lead","overlap_primary","linear"
"egfr_conditional_albumin",-0.0310074008322414,0.00932363792806784,-0.049281395376146,-0.0127334062883368,-3.32567620830672,0.000882043279005735,"lead","overlap_primary","linear"
"joint_albumin_egfr",-0.0336742336456281,0.014115343007781,-0.0613397975703081,-0.00600866972094813,-2.38564756287293,0.0170490810523267,"lead","overlap_primary","linear"
"albumin_conditional_egfr",-0.0113226184183552,0.00686057578346741,-0.024769099867159,0.00212386303044858,-1.65038894339458,0.098863411056069,"cadmium","overlap_primary","linear"
"egfr_conditional_albumin",-0.0263119465902349,0.00890796989265291,-0.0437712467552018,-0.00885264642526808,-2.95375342612422,0.00313934728163234,"cadmium","overlap_primary","linear"
"joint_albumin_egfr",-0.036673433880614,0.0104334052948901,-0.057122532494708,-0.01622433526652,-3.51500136763358,0.000439751723595474,"cadmium","overlap_primary","linear"
