"","pfas_M0","pfas_M1","pfas_M2","pfas_M3","lead_M0","lead_M1","lead_M2","lead_M3","cadmium_M0","cadmium_M1","cadmium_M2","cadmium_M3"
"pfas_M0",0.0014676775452439,0.00140682379900402,0.00144569434967626,0.00137304088738533,-0.000237604703246236,-0.000201517742302616,-0.000232451035934025,-0.000175845353137196,-3.04662107328827e-05,6.96421944346723e-05,-5.94035816284904e-05,7.41940079430233e-05
"pfas_M1",0.00140682379900402,0.00141442730135494,0.00138919396210068,0.00138611391359729,-0.000175313312847425,-0.000188822517282441,-0.000179401548575916,-0.000175593433349351,7.85358601914553e-05,0.000144206265541914,5.6711685449692e-05,0.000155831869513301
"pfas_M2",0.00144569434967626,0.00138919396210068,0.00152932718071815,0.00145893868210593,-0.000208124223368755,-0.000161692422497207,-0.000231002172597898,-0.000168470641747472,1.53596615986915e-05,0.000117196284249246,-2.40567664478873e-05,0.000107545698978371
"pfas_M3",0.00137304088738533,0.00138611391359729,0.00145893868210593,0.00146217769324544,-0.000137286472210859,-0.000140749102347971,-0.000171943720332987,-0.000164615772952573,0.000125008097134518,0.000188837691933267,9.26225542326707e-05,0.000184796993389455
"lead_M0",-0.000237604703246236,-0.000175313312847425,-0.000208124223368755,-0.000137286472210859,0.00230557689074191,0.00234471391509322,0.00221121243898798,0.00223434543089053,0.000712696890511557,0.000690181946014145,0.000687382836286006,0.000662421092154626
"lead_M1",-0.000201517742302616,-0.000188822517282441,-0.000161692422497207,-0.000140749102347971,0.00234471391509322,0.0024780406970978,0.00225955106562758,0.0023709813095681,0.000682631019498293,0.000714292896315928,0.000645142566837124,0.000672912089762237
"lead_M2",-0.000232451035934025,-0.000179401548575916,-0.000231002172597898,-0.000171943720332987,0.00221121243898798,0.00225955106562758,0.00220793747258343,0.00224168206381809,0.000709136189480472,0.000684197767892922,0.000712173981331408,0.000687626695142814
"lead_M3",-0.000175845353137196,-0.000175593433349351,-0.000168470641747472,-0.000164615772952573,0.00223434543089053,0.0023709813095681,0.00224168206381809,0.00236235687926645,0.00067148768244201,0.000699629031027629,0.000662860821198152,0.000692267084268005
"cadmium_M0",-3.04662107328827e-05,7.85358601914553e-05,1.53596615986915e-05,0.000125008097134518,0.000712696890511557,0.000682631019498293,0.000709136189480472,0.00067148768244201,0.00213167478562425,0.00211097602038965,0.00218574288472386,0.00216889356190709
"cadmium_M1",6.96421944346723e-05,0.000144206265541914,0.000117196284249246,0.000188837691933267,0.000690181946014145,0.000714292896315928,0.000684197767892922,0.000699629031027629,0.00211097602038965,0.00216721611731629,0.0021579391190508,0.00221755845073648
"cadmium_M2",-5.94035816284904e-05,5.6711685449692e-05,-2.40567664478873e-05,9.26225542326707e-05,0.000687382836286006,0.000645142566837124,0.000712173981331408,0.000662860821198152,0.00218574288472386,0.0021579391190508,0.00228378024664377,0.00225969830163636
"cadmium_M3",7.41940079430233e-05,0.000155831869513301,0.000107545698978371,0.000184796993389455,0.000662421092154626,0.000672912089762237,0.000687626695142814,0.000692267084268005,0.00216889356190709,0.00221755845073648,0.00225969830163636,0.00231496828423737
