"cohort","analyte","outcome","model","n","events","beta","robust_se","hr","ci_low","ci_high","z","p_value","physiology_specification"
"overlap_primary","pfas","all_cause","M0",8705,1266,-0.137677262790858,0.0383102798899185,0.871379873077858,0.808346859018108,0.939328055443306,-3.59374202398058,0.000325962584663206,"linear"
"overlap_primary","pfas","all_cause","M1",8705,1266,-0.125856064902348,0.037608872641372,0.881741751235262,0.819084438625538,0.949192145776882,-3.34644609272066,0.000818545936314297,"linear"
"overlap_primary","pfas","all_cause","M2",8705,1266,-0.0958154072969021,0.0391066130049401,0.908631727375765,0.841589460418643,0.98101468093858,-2.4501075376893,0.0142813555060406,"linear"
"overlap_primary","pfas","all_cause","M3",8705,1266,-0.0834269070503154,0.0382384321494153,0.919958326681505,0.853531477540262,0.991554904652844,-2.18175543192586,0.0291275874492225,"linear"
"overlap_primary","lead","all_cause","M0",8705,1266,0.036282990975002,0.0480164231356513,1.0369492522533,0.943812770316262,1.1392765446354,0.755637105090041,0.449866802793563,"linear"
"overlap_primary","lead","all_cause","M1",8705,1266,0.00689393233399459,0.0497799226304923,1.00691775018694,0.913316386675651,1.11011186313204,0.138488209095202,0.889854587604829,"linear"
"overlap_primary","lead","all_cause","M2",8705,1266,0.0336161581616153,0.0469886951572762,1.03418756607599,0.943197111673055,1.1339558917107,0.715409484113114,0.474356053816821,"linear"
"overlap_primary","lead","all_cause","M3",8705,1266,0.00260875732937391,0.0486040829485183,1.00261216309774,0.911509288334504,1.10282052246365,0.0536736251589629,0.957195196576408,"linear"
"overlap_primary","cadmium","all_cause","M0",8705,1266,0.190711739087489,0.0461700637385769,1.21011057422143,1.10541416753714,1.32472302675938,4.13063625312134,3.61760604338526e-05,"linear"
"overlap_primary","cadmium","all_cause","M1",8705,1266,0.16536092362523,0.0465533684851729,1.17981886637794,1.07693387408041,1.2925329873665,3.55207214871888,0.000382210043728775,"linear"
"overlap_primary","cadmium","all_cause","M2",8705,1266,0.18035025179711,0.0477889134281558,1.19763676409846,1.09055386762269,1.3152342688463,3.77389312414985,0.000160719635053257,"linear"
"overlap_primary","cadmium","all_cause","M3",8705,1266,0.154038305206875,0.0481141173070583,1.16653557030898,1.06155664949502,1.28189601322117,3.20151992447085,0.00136704620655673,"linear"
