"cohort","analyte","interval","events","beta","robust_se","hr","ci_low","ci_high","p_value"
"pfas_primary","pfas","0 to <5 years",537,-0.109708631384338,0.04451371183631,0.896095191278305,0.821228488279895,0.977787063273948,0.0137165102591186
"pfas_primary","pfas","5 to <10 years",522,-0.0456514050771982,0.0575622408179878,0.955374943004136,0.853447436941516,1.06947568439731,0.427731790048375
"pfas_primary","pfas","10 or more years",269,0.0399234646105477,0.0845465173669229,1.04073111838272,0.881804710245503,1.22830060690944,0.636778982280642
"overlap_primary","pfas","0 to <5 years",476,-0.103320264792228,0.0487565113587235,0.901838100234225,0.819647203393829,0.992270766820749,0.0340814248040152
"overlap_primary","pfas","5 to <10 years",522,-0.0465836578416174,0.0578924815894711,0.95448470709938,0.852100469861361,1.06917093501288,0.42101696886315
"overlap_primary","pfas","10 or more years",268,0.0389810161934839,0.084505038265992,1.03975074503583,0.881045670220244,1.22704378256841,0.644593214724308
"overlap_primary","lead","0 to <5 years",476,-0.0491946248599349,0.0746052424153527,0.951995829612091,0.822490609810206,1.10189228763104,0.509639561598203
"overlap_primary","lead","5 to <10 years",522,-0.00500335470888376,0.0643503234750394,0.995009141221078,0.87710578617002,1.12876144100775,0.938025473162527
"overlap_primary","lead","10 or more years",268,0.0779527353038783,0.100371782040851,1.08107156094372,0.88800993982118,1.31610657434379,0.437371227465713
"overlap_primary","cadmium","0 to <5 years",476,0.058144104108269,0.0761971423775194,1.05986771599831,0.912835535774552,1.23058265305406,0.445418905807008
"overlap_primary","cadmium","5 to <10 years",522,0.222384201901315,0.0622626149484794,1.24905117352489,1.10555969607309,1.41116652463491,0.000354653707872916
"overlap_primary","cadmium","10 or more years",268,0.173045346632256,0.0664080688595536,1.18892001738046,1.04382090038104,1.35418902535095,0.00916631858996521
