"analyte","exposure_value","reference","hr","ci_low","ci_high"
"pfas_primary",1.93682466779045,5.13496762518108,1.17846503459245,0.754857208855715,1.839791448587
"pfas_primary",1.97464707030153,5.13496762518108,1.17598308549996,0.757196653383183,1.82638976440663
"pfas_primary",2.0124694728126,5.13496762518108,1.1735063636065,0.759487172671909,1.81321980801888
"pfas_primary",2.05029187532368,5.13496762518108,1.17103485790316,0.761726263728994,1.80028273111003
"pfas_primary",2.08811427783475,5.13496762518108,1.16856855740417,0.763911344748715,1.78757977969663
"pfas_primary",2.12593668034582,5.13496762518108,1.16610745114694,0.766039755743624,1.77511229335662
"pfas_primary",2.1637590828569,5.13496762518108,1.16365152819193,0.768108759654032,1.76288170398333
"pfas_primary",2.20158148536797,5.13496762518108,1.16120077762268,0.770115543992147,1.75088953400642
"pfas_primary",2.23940388787905,5.13496762518108,1.15875518854568,0.772057223079637,1.73913739402064
"pfas_primary",2.27722629039012,5.13496762518108,1.15631475009039,0.773930840939323,1.72762697976191
"pfas_primary",2.3150486929012,5.13496762518108,1.15387945140915,0.775733374902951,1.71636006836867
"pfas_primary",2.35287109541227,5.13496762518108,1.15144928167716,0.7774617399973,1.70533851386624
"pfas_primary",2.39069349792335,5.13496762518108,1.14902423009241,0.779112794170124,1.69456424181269
"pfas_primary",2.42851590043442,5.13496762518108,1.14660428587564,0.78068334441528,1.68403924304684
"pfas_primary",2.46633830294549,5.13496762518108,1.14418943827028,0.782170153852815,1.67376556648263
"pfas_primary",2.50416070545657,5.13496762518108,1.14177967654244,0.78356994981433,1.66374531089953
"pfas_primary",2.54198310796764,5.13496762518108,1.13937498998082,0.784879432976567,1.65398061568593
"pfas_primary",2.57980551047872,5.13496762518108,1.13697536789668,0.786095287576634,1.6444736505023
"pfas_primary",2.61762791298979,5.13496762518108,1.1345807996238,0.787214192730343,1.6352266038424
"pfas_primary",2.65545031550087,5.13496762518108,1.1321912745184,0.788232834860823,1.62624167048553
"pfas_primary",2.69327271801194,5.13496762518108,1.12980678195915,0.789147921227697,1.61752103784937
"pfas_primary",2.73109512052302,5.13496762518108,1.12742731134707,0.789956194527787,1.60906687127267
"pfas_primary",2.76891752303409,5.13496762518108,1.12505285210551,0.790654448516654,1.60088129827815
"pfas_primary",2.80673992554517,5.13496762518108,1.12268339368007,0.791239544576492,1.59296639189039
"pfas_primary",2.84456232805624,5.13496762518108,1.12031892553863,0.79170842913044,1.58532415310843
"pfas_primary",2.88238473056731,5.13496762518108,1.1179594371712,0.792058151776685,1.57795649265979
"pfas_primary",2.92020713307839,5.13496762518108,1.11560491808995,0.792285883988477,1.57086521218972
"pfas_primary",2.95802953558946,5.13496762518108,1.11325535782913,0.792388938199231,1.56405198506654
"pfas_primary",2.99585193810054,5.13496762518108,1.11091074594505,0.79236478706605,1.55751833700974
"pfas_primary",3.03367434061161,5.13496762518108,1.10857128134518,0.792212023280571,1.5512643707858
"pfas_primary",3.07149674312269,5.13496762518108,1.10623878218379,0.791937025290267,1.54527974337217
"pfas_primary",3.10931914563376,5.13496762518108,1.10391580752562,0.791550820554648,1.53954752930586
"pfas_primary",3.14714154814484,5.13496762518108,1.1016048991456,0.791065837557596,1.5340484902854
"pfas_primary",3.18496395065591,5.13496762518108,1.09930857746185,0.79049583166156,1.52876119022798
"pfas_primary",3.22278635316699,5.13496762518108,1.09702934184494,0.789855814260688,1.52366211040076
"pfas_primary",3.26060875567806,5.13496762518108,1.09476967098443,0.789161969307477,1.51872578649363
"pfas_primary",3.29843115818913,5.13496762518108,1.09253202331161,0.788431560435456,1.51392496426972
"pfas_primary",3.33625356070021,5.13496762518108,1.09031883747792,0.787682832047666,1.50923077029469
"pfas_primary",3.37407596321128,5.13496762518108,1.08813253288803,0.786934907742632,1.50461289425548
"pfas_primary",3.41189836572236,5.13496762518108,1.085975510287,0.786207689319137,1.50003977951988
"pfas_primary",3.44972076823343,5.13496762518108,1.08385015240076,0.78552175935917,1.49547881883946
"pfas_primary",3.48754317074451,5.13496762518108,1.08175882462918,0.784898290060641,1.49089655243444
"pfas_primary",3.52536557325558,5.13496762518108,1.07970387579123,0.784358960605689,1.4862588660916
"pfas_primary",3.56318797576666,5.13496762518108,1.07768763892157,0.783925884934344,1.48153118732853
"pfas_primary",3.60101037827773,5.13496762518108,1.07571243211803,0.783621551371829,1.47667867810366
"pfas_primary",3.63883278078881,5.13496762518108,1.07378055943958,0.783468775152181,1.47166642296168
"pfas_primary",3.67665518329988,5.13496762518108,1.07189431185424,0.783490664507077,1.46645961188106
"pfas_primary",3.71447758581095,5.13496762518108,1.07005596823675,0.78371060065797,1.46102371742551
"pfas_primary",3.75229998832203,5.13496762518108,1.06826779641547,0.784152231767534,1.45532466608687
"pfas_primary",3.7901223908331,5.13496762518108,1.06653205426851,0.784839480674279,1.44932900394479
"pfas_primary",3.82794479334418,5.13496762518108,1.06485099086871,0.785796566048935,1.44300405696027
"pfas_primary",3.86576719585525,5.13496762518108,1.06322684767751,0.787048036466354,1.43631808637461
"pfas_primary",3.90358959836633,5.13496762518108,1.06166185978762,0.788618816772022,1.42924043981256
"pfas_primary",3.9414120008774,5.13496762518108,1.06015825721455,0.790534266024818,1.42174169880312
"pfas_primary",3.97923440338848,5.13496762518108,1.05871826623715,0.792820246199836,1.41379382355188
"pfas_primary",4.01705680589955,5.13496762518108,1.05734411078732,0.795503200714643,1.40537029594889
"pfas_primary",4.05487920841062,5.13496762518108,1.05603801388925,0.798610241668613,1.39644626200765
"pfas_primary",4.0927016109217,5.13496762518108,1.05480219914857,0.802169244415181,1.38699867524814
"pfas_primary",4.13052401343277,5.13496762518108,1.0536388922918,0.806208947657836,1.37700644302581
"pfas_primary",4.16834641594385,5.13496762518108,1.05255032275685,0.810759056576027,1.36645057856551
"pfas_primary",4.20616881845492,5.13496762518108,1.05153872533501,0.815850345394599,1.35531436264131
"pfas_primary",4.243991220966,5.13496762518108,1.05060634186548,0.821514754061749,1.34358352069841
"pfas_primary",4.28181362347707,5.13496762518108,1.04975542298309,0.827785470880701,1.33124642416106
"pfas_primary",4.31963602598815,5.13496762518108,1.04898822992031,0.83469698833414,1.31829432942779
"pfas_primary",4.35745842849922,5.13496762518108,1.04830703636471,0.842285111680394,1.30472167589346
"pfas_primary",4.39528083101029,5.13496762518108,1.04771413037296,0.850586886866208,1.29052647757997
"pfas_primary",4.43310323352137,5.13496762518108,1.04720956293522,0.859632974275576,1.2757163830612
"pfas_primary",4.47092563603244,5.13496762518108,1.04676546103368,0.869361662556836,1.26037065769669
"pfas_primary",4.50874803854352,5.13496762518108,1.0463351184239,0.879644851894207,1.24461272943235
"pfas_primary",4.54657044105459,5.13496762518108,1.0458715530397,0.890347439279988,1.22856230859973
"pfas_primary",4.58439284356567,5.13496762518108,1.04532786836599,0.901328015580863,1.21233372700434
"pfas_primary",4.62221524607674,5.13496762518108,1.04465727885778,0.912438695488049,1.19603523575555
"pfas_primary",4.66003764858782,5.13496762518108,1.04381315632727,0.923525313718336,1.17976831727018
"pfas_primary",4.69786005109889,5.13496762518108,1.04274909716665,0.934428075225495,1.16362693766394
"pfas_primary",4.73568245360997,5.13496762518108,1.041419010203,0.944982776353441,1.14769663738989
"pfas_primary",4.77350485612104,5.13496762518108,1.03977722488499,0.955022756781307,1.1320533146595
"pfas_primary",4.81132725863211,5.13496762518108,1.0377786193785,0.964381804623712,1.11676149184437
"pfas_primary",4.84914966114319,5.13496762518108,1.03537876800241,0.972898324844464,1.10187176383674
"pfas_primary",4.88697206365426,5.13496762518108,1.0325341072658,0.980421194171653,1.08741700914365
"pfas_primary",4.92479446616534,5.13496762518108,1.0292021195769,0.986817842962318,1.07340682021093
"pfas_primary",4.96261686867641,5.13496762518108,1.02534153348317,0.991985149860774,1.05981955519512
"pfas_primary",5.00043927118749,5.13496762518108,1.02091253907409,0.995863518213977,1.04659161961063
"pfas_primary",5.03826167369856,5.13496762518108,1.01587701693621,0.998453665035691,1.03360441218104
"pfas_primary",5.07608407620964,5.13496762518108,1.0101987787969,0.999833764049441,1.02067124493737
"pfas_primary",5.11390647872071,5.13496762518108,1.00384381773421,1.00017170251562,1.00752941506806
"pfas_primary",5.15172888123178,5.13496762518108,0.996782560459746,0.993847502874017,0.999726285937688
"pfas_primary",5.18955128374286,5.13496762518108,0.989048512907305,0.979344314473127,0.998848869011321
"pfas_primary",5.22737368625393,5.13496762518108,0.980745522010172,0.963909723226258,0.997875377502781
"pfas_primary",5.26519608876501,5.13496762518108,0.971979419763896,0.947548854482131,0.997039876071504
"pfas_primary",5.30301849127608,5.13496762518108,0.962853516600072,0.930353095785738,0.996489288452517
"pfas_primary",5.34084089378716,5.13496762518108,0.953468188646014,0.91247281926389,0.996305388573987
"pfas_primary",5.37866329629823,5.13496762518108,0.943920569629357,0.894093917535931,0.996523994061959
"pfas_primary",5.41648569880931,5.13496762518108,0.934304342942156,0.875420000482636,0.997149487970703
"pfas_primary",5.45430810132038,5.13496762518108,0.924709628665978,0.856659859616497,0.998165010008022
"pfas_primary",5.49213050383146,5.13496762518108,0.915222959918899,0.83801911276017,0.99953933461471
"pfas_primary",5.52995290634253,5.13496762518108,0.905927342697794,0.819694950812724,1.00123143302732
"pfas_primary",5.56777530885361,5.13496762518108,0.896902393433595,0.801873128449558,1.00319349134732
"pfas_primary",5.60559771136468,5.13496762518108,0.888224548731726,0.784726569996871,1.00537292750623
"pfas_primary",5.64342011387575,5.13496762518108,0.879967342213837,0.768415143203675,1.00771377322745
"pfas_primary",5.68124251638683,5.13496762518108,0.872201743991235,0.753086284137119,1.01015766485908
"pfas_primary",5.7190649188979,5.13496762518108,0.864996559068521,0.73887624731574,1.01264460715659
"pfas_primary",5.75688732140898,5.13496762518108,0.858418881884891,0.725911818337905,1.01511362421915
"pfas_primary",5.79470972392005,5.13496762518108,0.852529099031017,0.714300859873746,1.01750663554164
"pfas_primary",5.83253212643113,5.13496762518108,0.847327329699333,0.704022662009123,1.01980183650125
"pfas_primary",5.8703545289422,5.13496762518108,0.842778398819502,0.694984649624627,1.02200160809364
"pfas_primary",5.90817693145327,5.13496762518108,0.83884863970118,0.687100529028189,1.02411075323106
"pfas_primary",5.94599933396435,5.13496762518108,0.83550622520228,0.680290812617095,1.02613564582222
"pfas_primary",5.98382173647542,5.13496762518108,0.832720969624214,0.674482132593042,1.02808388798385
"pfas_primary",6.0216441389865,5.13496762518108,0.830464145722034,0.669606550461883,1.02996408391481
"pfas_primary",6.05946654149757,5.13496762518108,0.828708315386386,0.665600890643576,1.03178568665452
"pfas_primary",6.09728894400865,5.13496762518108,0.827427172725503,0.662406111591559,1.03355889111523
"pfas_primary",6.13511134651972,5.13496762518108,0.826595398429494,0.659966720023695,1.03529455648958
"pfas_primary",6.1729337490308,5.13496762518108,0.826188524437996,0.658230229883667,1.03700414676134
"pfas_primary",6.21075615154187,5.13496762518108,0.826182808057765,0.657146665765748,1.03869968134865
"pfas_primary",6.24857855405295,5.13496762518108,0.826555114790536,0.656668109827667,1.04039368984386
"pfas_primary",6.28640095656402,5.13496762518108,0.827282809234847,0.656748291177582,1.04209916591993
"pfas_primary",6.32422335907509,5.13496762518108,0.828343653519728,0.657342217060218,1.0438295160701
"pfas_primary",6.36204576158617,5.13496762518108,0.829715712814172,0.658405845707425,1.04559849913095
"pfas_primary",6.39986816409724,5.13496762518108,0.83137726753498,0.659895801343479,1.04742015264644
"pfas_primary",6.43769056660832,5.13496762518108,0.833306731947662,0.661769132457528,1.04930870216111
"pfas_primary",6.47551296911939,5.13496762518108,0.835482578921197,0.663983114998711,1.05127844957649
"pfas_primary",6.51333537163047,5.13496762518108,0.83788327065797,0.666495102538031,1.05334363684756
"pfas_primary",6.55115777414154,5.13496762518108,0.840487195275729,0.669262425596974,1.05551828162524
"pfas_primary",6.58898017665262,5.13496762518108,0.843272609168981,0.672242342184694,1.05781598205144
"pfas_primary",6.62680257916369,5.13496762518108,0.846217585123319,0.675392041034275,1.06024968887011
"pfas_primary",6.66462498167477,5.13496762518108,0.849299966197721,0.678668698017085,1.0628314444013
"pfas_primary",6.70244738418584,5.13496762518108,0.852497325427107,0.682029584701818,1.06557208977688
"pfas_primary",6.74026978669691,5.13496762518108,0.85578693143026,0.685432226014295,1.06848094415617
"pfas_primary",6.77809218920799,5.13496762518108,0.859145720036719,0.688834601510714,1.07156546236003
"pfas_primary",6.81591459171906,5.13496762518108,0.862550272070256,0.692195382042697,1.07483088034034
"pfas_primary",6.85373699423014,5.13496762518108,0.865977905992739,0.695475860423364,1.0782800329131
"pfas_primary",6.89155939674121,5.13496762518108,0.869419334720282,0.698658969424928,1.08191551624627
"pfas_primary",6.92938179925229,5.13496762518108,0.872874439814858,0.701742027742901,1.08574056784475
"pfas_primary",6.96720420176336,5.13496762518108,0.876343275626868,0.704722892427027,1.08975818011468
"pfas_primary",7.00502660427444,5.13496762518108,0.879825896722697,0.707599711310412,1.09397106325884
"pfas_primary",7.04284900678551,5.13496762518108,0.883322357885577,0.710370935142683,1.09838163322914
"pfas_primary",7.08067140929658,5.13496762518108,0.886832714116459,0.713035326269856,1.10299200313326
"pfas_primary",7.11849381180766,5.13496762518108,0.890357020634863,0.715591963696719,1.10780397825955
"pfas_primary",7.15631621431873,5.13496762518108,0.893895332879758,0.718040244463782,1.11281905478839
"pfas_primary",7.19413861682981,5.13496762518108,0.897447706510425,0.720379881367864,1.11803842216068
"pfas_primary",7.23196101934088,5.13496762518108,0.901014197407337,0.722610897150506,1.12346296897942
"pfas_primary",7.26978342185196,5.13496762518108,0.904594861673044,0.724733615366045,1.12909329223259
"pfas_primary",7.30760582436303,5.13496762518108,0.908189755633049,0.726748648217942,1.13492970954859
"pfas_primary",7.34542822687411,5.13496762518108,0.911798935836684,0.728656881715137,1.14097227413263
"pfas_primary",7.38325062938518,5.13496762518108,0.915422459058022,0.730459458547649,1.14722079198482
"pfas_primary",7.42107303189626,5.13496762518108,0.919060382296754,0.732157759110704,1.15367484097063
"pfas_primary",7.45889543440733,5.13496762518108,0.922712762779091,0.733753381120933,1.16033379130024
"pfas_primary",7.4967178369184,5.13496762518108,0.926379657958662,0.735248118265785,1.1671968269756
"pfas_primary",7.53454023942948,5.13496762518108,0.930061125517412,0.736643938311354,1.1742629677801
"pfas_primary",7.57236264194055,5.13496762518108,0.933757223366533,0.737942961065954,1.18153109141352
"pfas_overlap",2.1353720160246,5.26248799726106,1.18173071190231,0.751843837134221,1.85741693484657
"pfas_overlap",2.1725642831368,5.26248799726106,1.18028574190862,0.755354438814253,1.84426589819159
"pfas_overlap",2.20975655024899,5.26248799726106,1.17884253876271,0.758822507024115,1.83135017521606
"pfas_overlap",2.24694881736119,5.26248799726106,1.17740110030415,0.762244936224892,1.81867177480128
"pfas_overlap",2.28414108447338,5.26248799726106,1.17596142437515,0.765618492636731,1.8062328495435
"pfas_overlap",2.32133335158558,5.26248799726106,1.17452350882058,0.768939812508334,1.79403569737425
"pfas_overlap",2.35852561869777,5.26248799726106,1.17308735148792,0.772205400937147,1.78208276263138
"pfas_overlap",2.39571788580997,5.26248799726106,1.17165295022729,0.77541163133643,1.77037663648446
"pfas_overlap",2.43291015292216,5.26248799726106,1.17022030289145,0.778554745653813,1.75892005660994
"pfas_overlap",2.47010242003436,5.26248799726106,1.16878940733575,0.781630855454185,1.74771590600332
"pfas_overlap",2.50729468714655,5.26248799726106,1.16736026141822,0.784635943987346,1.73676721080775
"pfas_overlap",2.54448695425875,5.26248799726106,1.16593286299945,0.787565869367588,1.72607713703197
"pfas_overlap",2.58167922137094,5.26248799726106,1.16450720994269,0.790416368997682,1.7156489860251
"pfas_overlap",2.61887148848314,5.26248799726106,1.16308330011378,0.793183065373357,1.70548618857214
"pfas_overlap",2.65606375559533,5.26248799726106,1.16166113138118,0.79586147340546,1.69559229747299
"pfas_overlap",2.69325602270753,5.26248799726106,1.16024070161594,0.798447009395253,1.68597097846962
"pfas_overlap",2.73044828981972,5.26248799726106,1.15882200869174,0.800935001792881,1.67662599939116
"pfas_overlap",2.76764055693192,5.26248799726106,1.15740505048483,0.803320703859416,1.6675612173967
"pfas_overlap",2.80483282404411,5.26248799726106,1.15598982487408,0.805599308338253,1.65878056420986
"pfas_overlap",2.84202509115631,5.26248799726106,1.15457632974094,0.807765964221551,1.65028802925946
"pfas_overlap",2.8792173582685,5.26248799726106,1.15316456296946,0.809815795671175,1.64208764066699
"pfas_overlap",2.9164096253807,5.26248799726106,1.15175452244627,0.811743923120906,1.63418344405377
"pfas_overlap",2.95360189249289,5.26248799726106,1.15034620606059,0.81354548654736,1.62657947918069
"pfas_overlap",2.99079415960509,5.26248799726106,1.14893961170422,0.815215670851083,1.61927975447885
"pfas_overlap",3.02798642671728,5.26248799726106,1.14753473727153,0.816749733237124,1.61228821958187
"pfas_overlap",3.06517869382948,5.26248799726106,1.14613158065948,0.818143032426795,1.60560873602812
"pfas_overlap",3.10237096094167,5.26248799726106,1.14473013976758,0.819391059470506,1.59924504636296
"pfas_overlap",3.13956322805386,5.26248799726106,1.14333041249793,0.820489469867144,1.5932007419356
"pfas_overlap",3.17675549516606,5.26248799726106,1.14193238573352,0.82143416464525,1.58747910631426
"pfas_overlap",3.21394776227825,5.26248799726106,1.1405354112843,0.822224195900048,1.58207582661746
"pfas_overlap",3.25114002939045,5.26248799726106,1.13913787517536,0.822864104776975,1.57697375681582
"pfas_overlap",3.28833229650264,5.26248799726106,1.1377380897486,0.823360536468197,1.57215205676157
"pfas_overlap",3.32552456361484,5.26248799726106,1.13633437568607,0.82372188150732,1.56758712176372
"pfas_overlap",3.36271683072703,5.26248799726106,1.13492506205572,0.823958229792091,1.5632526624647
"pfas_overlap",3.39990909783923,5.26248799726106,1.13350848638168,0.824081300881091,1.55911981903431
"pfas_overlap",3.43710136495142,5.26248799726106,1.13208299473905,0.82410435362684,1.55515730664086
"pfas_overlap",3.47429363206362,5.26248799726106,1.13064694187291,0.824042078822618,1.55133158854349
"pfas_overlap",3.51148589917581,5.26248799726106,1.12919869134132,0.82391047895471,1.54760707273035
"pfas_overlap",3.54867816628801,5.26248799726106,1.12773661568201,0.823726739353837,1.54394632781686
"pfas_overlap",3.5858704334002,5.26248799726106,1.12625909660263,0.823509095034664,1.54031031390949
"pfas_overlap",3.6230627005124,5.26248799726106,1.12476452519428,0.823276697320934,1.53665862431466
"pfas_overlap",3.66025496762459,5.26248799726106,1.12325130216801,0.823049484007728,1.53294973429602
"pfas_overlap",3.69744723473679,5.26248799726106,1.12171783811408,0.822848056350366,1.52914125351906
"pfas_overlap",3.73463950184898,5.26248799726106,1.12016255378367,0.822693565632764,1.52519017932767
"pfas_overlap",3.77183176896118,5.26248799726106,1.1185838803928,0.822607611496494,1.52105314853381
"pfas_overlap",3.80902403607337,5.26248799726106,1.11698025994811,0.822612153640454,1.51668668593374
"pfas_overlap",3.84621630318557,5.26248799726106,1.11535014559421,0.822729437958528,1.5120474482642
"pfas_overlap",3.88340857029776,5.26248799726106,1.11369200198229,0.822981937689673,1.5070924627595
"pfas_overlap",3.92060083740996,5.26248799726106,1.11200430565963,0.823392309724454,1.50177935985262
"pfas_overlap",3.95779310452215,5.26248799726106,1.11028554547968,0.823983365849673,1.49606659987602
"pfas_overlap",3.99498537163435,5.26248799726106,1.10853422303231,0.824778058417478,1.48991369386289
"pfas_overlap",4.03217763874654,5.26248799726106,1.10674885309384,0.825799479690601,1.48328141873309
"pfas_overlap",4.06936990585874,5.26248799726106,1.10492796409651,0.827070873930084,1.47613202728459
"pfas_overlap",4.10656217297093,5.26248799726106,1.1030700986169,0.828615661140517,1.46842945351519
"pfas_overlap",4.14375444008312,5.26248799726106,1.10117381388288,0.830457471250957,1.46013951389324
"pfas_overlap",4.18094670719532,5.26248799726106,1.09923768229865,0.832620187362476,1.45123010530524
"pfas_overlap",4.21813897430751,5.26248799726106,1.09726029198733,0.835127996503609,1.44167140056706
"pfas_overlap",4.25533124141971,5.26248799726106,1.0952402473507,0.838005446059429,1.43143604263851
"pfas_overlap",4.2925235085319,5.26248799726106,1.0931761696455,0.841277503616547,1.42049933909262
"pfas_overlap",4.3297157756441,5.26248799726106,1.0910666975757,0.844969617302644,1.4088394590552
"pfas_overlap",4.36690804275629,5.26248799726106,1.08891048790034,0.84910777265104,1.3964376358932
"pfas_overlap",4.40410030986849,5.26248799726106,1.08670621605616,0.853718540356403,1.38327838062659
"pfas_overlap",4.44129257698068,5.26248799726106,1.08445257679453,0.85882910662082,1.36934971375571
"pfas_overlap",4.47848484409288,5.26248799726106,1.082148284832,0.864467273458967,1.3546434275981
"pfas_overlap",4.51567711120507,5.26248799726106,1.07979207551389,0.870661409169655,1.33915539848556
"pfas_overlap",4.55286937831727,5.26248799726106,1.07738270549007,0.877440317060987,1.32288598041298
"pfas_overlap",4.59006164542946,5.26248799726106,1.07491895332975,0.884832968905192,1.30584053356101
"pfas_overlap",4.62725391254166,5.26248799726106,1.07239579172247,0.892840580950121,1.28806055486441
"pfas_overlap",4.66444617965385,5.26248799726106,1.06979418037935,0.901361282055147,1.26970129642589
"pfas_overlap",4.70163844676605,5.26248799726106,1.06709205068057,0.91026577590282,1.25093733585258
"pfas_overlap",4.73883071387824,5.26248799726106,1.06426758804615,0.919420155409026,1.23193459736771
"pfas_overlap",4.77602298099044,5.26248799726106,1.06129925511717,0.928685940384007,1.2128493174415
"pfas_overlap",4.81321524810263,5.26248799726106,1.05816581930588,0.937920473451397,1.19382712377192
"pfas_overlap",4.85040751521483,5.26248799726106,1.05484638458844,0.946977769389518,1.17500212892707
"pfas_overlap",4.88759978232702,5.26248799726106,1.05132042739691,0.955709945996431,1.15649590724898
"pfas_overlap",4.92479204943922,5.26248799726106,1.04756783644772,0.963969413180195,1.13841617478232
"pfas_overlap",4.96198431655141,5.26248799726106,1.04356895632257,0.971612066564395,1.12085492150277
"pfas_overlap",4.99917658366361,5.26248799726106,1.03930463459416,0.978501825927527,1.1038856493344
"pfas_overlap",5.0363688507758,5.26248799726106,1.0347562722642,0.984516970955536,1.08755925451535
"pfas_overlap",5.073561117888,5.26248799726106,1.02990587725454,0.989558821874338,1.07189799389018
"pfas_overlap",5.11075338500019,5.26248799726106,1.02473612066426,0.993563288252355,1.05688699392376
"pfas_overlap",5.14794565211239,5.26248799726106,1.01923039547714,0.996515441376387,1.04246312292929
"pfas_overlap",5.18513791922458,5.26248799726106,1.01337287737396,0.998466190098983,1.02850211532488
"pfas_overlap",5.22233018633677,5.26248799726106,1.00714858727477,0.999548048881944,1.01480691997166
"pfas_overlap",5.25952245344897,5.26248799726106,1.00054345520626,0.999984291949416,1.00110293113156
"pfas_overlap",5.29671472056116,5.26248799726106,0.993555465618473,0.987065823884384,1.00008777466898
"pfas_overlap",5.33390698767336,5.26248799726106,0.986239245520732,0.972465816950575,1.00020775275717
"pfas_overlap",5.37109925478555,5.26248799726106,0.978666011048003,0.957202784610535,1.00061050446099
"pfas_overlap",5.40829152189775,5.26248799726106,0.970905260901043,0.941276212426013,1.00146695858355
"pfas_overlap",5.44548378900994,5.26248799726106,0.963024617333457,0.924760569521341,1.00287192615737
"pfas_overlap",5.48267605612214,5.26248799726106,0.95508972204001,0.907780997390158,1.00486392617713
"pfas_overlap",5.51986832323433,5.26248799726106,0.94716417759745,0.890493279224992,1.00744160596544
"pfas_overlap",5.55706059034653,5.26248799726106,0.939309532213618,0.873068913676077,1.01057589325041
"pfas_overlap",5.59425285745872,5.26248799726106,0.931585305471136,0.855684676645351,1.0142184440793
"pfas_overlap",5.63144512457092,5.26248799726106,0.924049052760578,0.83851567810475,1.01830731875839
"pfas_overlap",5.66863739168311,5.26248799726106,0.916756466178929,0.821730998273924,1.02277073646517
"pfas_overlap",5.70582965879531,5.26248799726106,0.909761509816372,0.805491188419692,1.02752955791755
"pfas_overlap",5.7430219259075,5.26248799726106,0.903116587562774,0.789947114972996,1.03249895502044
"pfas_overlap",5.7802141930197,5.26248799726106,0.896872741829695,0.775239776345267,1.03758958141857
"pfas_overlap",5.81740646013189,5.26248799726106,0.891079881900522,0.761500830111874,1.0427084574697
"pfas_overlap",5.85459872724409,5.26248799726106,0.885787040987306,0.748853643700377,1.04775971724454
"pfas_overlap",5.89179099435628,5.26248799726106,0.881042661486336,0.737414733859888,1.05264532388149
"pfas_overlap",5.92898326146848,5.26248799726106,0.87688891720949,0.727280060046756,1.0572738280153
"pfas_overlap",5.96617552858067,5.26248799726106,0.873319605205232,0.71841882822652,1.0616190763243
"pfas_overlap",6.00336779569287,5.26248799726106,0.870306117128567,0.710744459514437,1.06568926056611
"pfas_overlap",6.04056006280506,5.26248799726106,0.867821076832405,0.704176416283233,1.0694953764138
"pfas_overlap",6.07775232991726,5.26248799726106,0.865838346756022,0.698640063985262,1.07305046097244
"pfas_overlap",6.11494459702945,5.26248799726106,0.864332885979603,0.694066051229593,1.07636922518013
"pfas_overlap",6.15213686414165,5.26248799726106,0.863280618184813,0.690389676727943,1.07946780036694
"pfas_overlap",6.18932913125384,5.26248799726106,0.862658308668161,0.687550271686699,1.08236355676013
"pfas_overlap",6.22652139836604,5.26248799726106,0.862443449657416,0.685490612027931,1.08507496792192
"pfas_overlap",6.26371366547823,5.26248799726106,0.862614153275281,0.684156367350323,1.08762150429539
"pfas_overlap",6.30090593259043,5.26248799726106,0.863149051580101,0.683495589719871,1.09002354433476
"pfas_overlap",6.33809819970262,5.26248799726106,0.864027203191539,0.683458243601207,1.09230229475525
"pfas_overlap",6.37529046681481,5.26248799726106,0.865228006080633,0.68399577763121,1.09447971316265
"pfas_overlap",6.41248273392701,5.26248799726106,0.866731116169239,0.685060739005628,1.09657842723024
"pfas_overlap",6.4496750010392,5.26248799726106,0.868516371444103,0.686606431706048,1.09862164499702
"pfas_overlap",6.4868672681514,5.26248799726106,0.870563721346211,0.688586620450289,1.10063305097122
"pfas_overlap",6.52405953526359,5.26248799726106,0.872853161247105,0.690955282966928,1.10263668269185
"pfas_overlap",6.56125180237579,5.26248799726106,0.875364671870777,0.693666413854643,1.10465678235937
"pfas_overlap",6.59844406948798,5.26248799726106,0.878078163562951,0.696673883771534,1.10671761822341
"pfas_overlap",6.63563633660018,5.26248799726106,0.880973425349155,0.69993135788276,1.10884327074459
"pfas_overlap",6.67282860371237,5.26248799726106,0.884030078759203,0.703392277242329,1.11105737926912
"pfas_overlap",6.71002087082457,5.26248799726106,0.887227536428613,0.707009905960532,1.11338284621026
"pfas_overlap",6.74721313793676,5.26248799726106,0.890544965517142,0.710737445490624,1.115841497644
"pfas_overlap",6.78440540504896,5.26248799726106,0.893961256011125,0.714528215074319,1.11845370188197
"pfas_overlap",6.82159767216115,5.26248799726106,0.897454993999462,0.718335894303086,1.12123795099503
"pfas_overlap",6.85878993927335,5.26248799726106,0.901004440033128,0.722114819975781,1.12421041433084
"pfas_overlap",6.89598220638554,5.26248799726106,0.904587521877786,0.725820340980436,1.12738447593197
"pfas_overlap",6.93317447349774,5.26248799726106,0.908187308010029,0.729418486403141,1.1307695127083
"pfas_overlap",6.97036674060993,5.26248799726106,0.91180141941195,0.732901413695758,1.13437061643706
"pfas_overlap",7.00755900772213,5.26248799726106,0.915429913090645,0.736265847264892,1.13819203877815
"pfas_overlap",7.04475127483432,5.26248799726106,0.919072846280066,0.73950886601254,1.14223768718821
"pfas_overlap",7.08194354194652,5.26248799726106,0.922730276441929,0.742627928423096,1.14651109994009
"pfas_overlap",7.11913580905871,5.26248799726106,0.926402261266616,0.745620893105607,1.15101542568811
"pfas_overlap",7.15632807617091,5.26248799726106,0.930088858674089,0.748486034285824,1.15575340808474
"pfas_overlap",7.1935203432831,5.26248799726106,0.933790126814799,0.751222051886337,1.16072737581022
"pfas_overlap",7.2307126103953,5.26248799726106,0.937506124070604,0.753828075992694,1.1659392382175
"pfas_overlap",7.26790487750749,5.26248799726106,0.941236909055696,0.756303665673097,1.17139048662452
"pfas_overlap",7.30509714461969,5.26248799726106,0.944982540617517,0.758648802286235,1.17708220111974
"pfas_overlap",7.34228941173188,5.26248799726106,0.948743077837692,0.760863877571523,1.18301506258631
"pfas_overlap",7.37948167884408,5.26248799726106,0.952518580032961,0.762949676956501,1.18918936951033
"pfas_overlap",7.41667394595627,5.26248799726106,0.956309106756112,0.764907358633673,1.19560505902082
"pfas_overlap",7.45386621306846,5.26248799726106,0.960114717796924,0.766738429047584,1.20226173152078
"pfas_overlap",7.49105848018066,5.26248799726106,0.963935473183107,0.768444715491157,1.20915867820999
"pfas_overlap",7.52825074729286,5.26248799726106,0.96777143318125,0.770028336536248,1.21629491077515
"pfas_overlap",7.56544301440505,5.26248799726106,0.971622658297771,0.771491671021576,1.22366919252356
"pfas_overlap",7.60263528151724,5.26248799726106,0.975489209279874,0.77283732629129,1.23128007026774
"pfas_overlap",7.63982754862944,5.26248799726106,0.979371147116501,0.774068106327601,1.23912590631702
"pfas_overlap",7.67701981574163,5.26248799726106,0.983268533039306,0.7751869803534,1.24720491000056
"lead",-2,0.263034405833794,0.958445738300242,0.380719596268964,2.41284725627027
"lead",-1.96845342471046,0.263034405833794,0.96289410384687,0.39034377804821,2.37525255265771
"lead",-1.93690684942092,0.263034405833794,0.967363115273849,0.40017733479543,2.33844177424666
"lead",-1.90536027413139,0.263034405833794,0.971852868403424,0.410221405000013,2.3024103235762
"lead",-1.87381369884185,0.263034405833794,0.976363459502576,0.420476689181348,2.26715446915226
"lead",-1.84226712355231,0.263034405833794,0.980894985285078,0.430943382725566,2.23267141514535
"lead",-1.81072054826277,0.263034405833794,0.985447542913578,0.441621099754155,2.19895938028099
"lead",-1.77917397297324,0.263034405833794,0.990021230001674,0.452508786831607,2.16601768711901
"lead",-1.7476273976837,0.263034405833794,0.994616144616016,0.463604625174958,2.13384686306245
"lead",-1.71608082239416,0.263034405833794,0.999232385278399,0.474905919875387,2.10244875458943
"lead",-1.68453424710462,0.263034405833794,1.00387005096788,0.486408974485052,2.07182665635876
"lead",-1.65298767181509,0.263034405833794,1.00852924112291,0.498108949168153,2.04198545699404
"lead",-1.62144109652555,0.263034405833794,1.01321005564344,0.509999700474717,2.01293180349206
"lead",-1.58989452123601,0.263034405833794,1.01791259489309,0.522073600685206,1.98467428631151
"lead",-1.55834794594647,0.263034405833794,1.0226369597013,0.534321334618189,1.95722364725415
"lead",-1.52680137065694,0.263034405833794,1.02738325136546,0.546731671826449,1.93059301221773
"lead",-1.4952547953674,0.263034405833794,1.03215157165312,0.559291212277977,1.90479815072887
"lead",-1.46370822007786,0.263034405833794,1.03694202280415,0.57198410399427,1.87985776378835
"lead",-1.43216164478832,0.263034405833794,1.04175470753294,0.584791731789588,1.85579380089032
"lead",-1.40061506949879,0.263034405833794,1.0465897290306,0.597692377340211,1.8326318059915
"lead",-1.36906849420925,0.263034405833794,1.05144719096718,0.610660852464136,1.81040129055548
"lead",-1.33752191891971,0.263034405833794,1.05632719749389,0.623668109896191,1.78913612939263
"lead",-1.30597534363017,0.263034405833794,1.0612298532453,0.636680839219972,1.76887497164013
"lead",-1.27442876834064,0.263034405833794,1.06615506886835,0.649660866085603,1.74966153913896
"lead",-1.2428821930511,0.263034405833794,1.07109398232764,0.662556544672819,1.73153873160368
"lead",-1.21133561776156,0.263034405833794,1.07602538812574,0.675300963635908,1.71454018021422
"lead",-1.17978904247202,0.263034405833794,1.08092679559753,0.687824761327693,1.69869246228561
"lead",-1.14824246718249,0.263034405833794,1.08577531265954,0.700058301822065,1.68401406927471
"lead",-1.11669589189295,0.263034405833794,1.09054765452362,0.711933178138199,1.67051378318556
"lead",-1.08514931660341,0.263034405833794,1.09522015733309,0.723383915759578,1.65818891863138
"lead",-1.05360274131387,0.263034405833794,1.0997687968554,0.734349819169536,1.64702349611056
"lead",-1.02205616602434,0.263034405833794,1.10416921235595,0.744776878508182,1.63698643808175
"lead",-0.990509590734799,0.263034405833794,1.10839673576504,0.754619630842232,1.62802990227462
"lead",-0.958963015445261,0.263034405833794,1.11242642623401,0.763842855535723,1.62008788170944
"lead",-0.927416440155724,0.263034405833794,1.11623311015758,0.772422980292533,1.61307520361471
"lead",-0.895869864866186,0.263034405833794,1.11979142671706,0.780349086724367,1.60688704668394
"lead",-0.864323289576649,0.263034405833794,1.12307587897328,0.78762343232437,1.60139906733013
"lead",-0.832776714287111,0.263034405833794,1.12606089050916,0.794261446768035,1.59646818348543
"lead",-0.801230138997574,0.263034405833794,1.12872086758948,0.800291208715225,1.59193401484096
"lead",-0.769683563708036,0.263034405833794,1.13103026676995,0.805752457063582,1.58762092890367
"lead",-0.738136988418499,0.263034405833794,1.13296366784877,0.810695230206414,1.58334060055899
"lead",-0.706590413128961,0.263034405833794,1.13449585201275,0.815178252477462,1.57889496477915
"lead",-0.675043837839424,0.263034405833794,1.13560188498518,0.819267196001037,1.57407943034528
"lead",-0.643497262549886,0.263034405833794,1.13625720493609,0.823032939431828,1.56868622616789
"lead",-0.611950687260349,0.263034405833794,1.13643771486644,0.826549926111867,1.56250776749335
"lead",-0.580404111970811,0.263034405833794,1.13611987912653,0.829894697960986,1.55533995206601
"lead",-0.548857536681274,0.263034405833794,1.135280823677,0.833144652967831,1.54698532123748
"lead",-0.517310961391736,0.263034405833794,1.13389843964685,0.836377047493754,1.53725604413262
"lead",-0.485764386102198,0.263034405833794,1.13195148968931,0.83966824227552,1.52597670186674
"lead",-0.454217810812661,0.263034405833794,1.1294197165824,0.843093174004639,1.51298686258614
"lead",-0.422671235523123,0.263034405833794,1.12628395346799,0.846725022363638,1.49814344720607
"lead",-0.391124660233586,0.263034405833794,1.12252623507097,0.85063503413333,1.48132289155762
"lead",-0.359578084944048,0.263034405833794,1.11812990919071,0.854892459415111,1.46242311539651
"lead",-0.328031509654511,0.263034405833794,1.11307974770978,0.859564547278206,1.44136531536201
"lead",-0.296484934364973,0.263034405833794,1.10737256625928,0.864709628920398,1.41813385614162
"lead",-0.264938359075436,0.263034405833794,1.10108221287846,0.870332460011153,1.39301025208435
"lead",-0.233391783785898,0.263034405833794,1.09431515565417,0.876408976137237,1.36640049623007
"lead",-0.201845208496361,0.263034405833794,1.08717633613366,0.88290860595435,1.33870298451947
"lead",-0.170298633206823,0.263034405833794,1.0797686327773,0.88979546740817,1.31030146031856
"lead",-0.138752057917286,0.263034405833794,1.07219256768935,0.89702924848527,1.28156010982864
"lead",-0.107205482627748,0.263034405833794,1.06454610787697,0.904565958632011,1.25282010115641
"lead",-0.0756589073382106,0.263034405833794,1.05692455748771,0.912358631042842,1.22439738301565
"lead",-0.0441123320486729,0.263034405833794,1.04942053708748,0.920358051390534,1.19658154997077
"lead",-0.0125657567591355,0.263034405833794,1.04212404587801,0.928513591946386,1.16963557283055
"lead",0.0189808185304021,0.263034405833794,1.03512260280311,0.936774242518956,1.14379618290178
"lead",0.0505273938199395,0.263034405833794,1.02850146273994,0.945089953752406,1.11927468349252
"lead",0.0820739691094774,0.263034405833794,1.02234390440422,0.953413448487339,1.09625793566342
"lead",0.113620544399015,0.263034405833794,1.0167315872023,0.961702720018188,1.07490921975904
"lead",0.145167119688552,0.263034405833794,1.01174497503037,0.969924532118175,1.05536859889886
"lead",0.17671369497809,0.263034405833794,1.0074638259457,0.978059377133934,1.03775229226207
"lead",0.208260270267628,0.263034405833794,1.00396774771277,0.986108546333659,1.02215039327567
"lead",0.239806845557165,0.263034405833794,1.00133682046263,0.994104216733513,1.00862204498928
"lead",0.271353420846702,0.263034405833794,0.999651785781082,0.997185972655865,1.0021236962989
"lead",0.30289999613624,0.263034405833794,0.998941978244231,0.987710969190736,1.01030069223196
"lead",0.334446571425778,0.263034405833794,0.999139626976376,0.979864994138148,1.01879340538391
"lead",0.365993146715315,0.263034405833794,1.00016854520172,0.973324132269573,1.02775333072075
"lead",0.397539722004852,0.263034405833794,1.0019544390069,0.96779921934069,1.03731505231999
"lead",0.42908629729439,0.263034405833794,1.00442430720899,0.963039452137808,1.04758760056269
"lead",0.460632872583928,0.263034405833794,1.00750590195052,0.958834867242718,1.05864750766116
"lead",0.492179447873465,0.263034405833794,1.01112724661126,0.955016780159549,1.07053439277671
"lead",0.523726023163003,0.263034405833794,1.01521620871746,0.951455944757946,1.08324926248147
"lead",0.55527259845254,0.263034405833794,1.01970012648921,0.948058802457578,1.09675512243203
"lead",0.586819173742078,0.263034405833794,1.02450548850638,0.9447625363661,1.1109791673333
"lead",0.618365749031615,0.263034405833794,1.02955766669856,0.941529692279806,1.12581578440839
"lead",0.649912324321153,0.263034405833794,1.03478070347859,0.93834297111681,1.14112977584009
"lead",0.681458899610691,0.263034405833794,1.040097154342,0.935200565580659,1.15675944849183
"lead",0.713005474900228,0.263034405833794,1.04542798764428,0.93211220205481,1.17251944019256
"lead",0.744552050189765,0.263034405833794,1.05069254354059,0.92909589799696,1.18820330972488
"lead",0.776098625479303,0.263034405833794,1.05580855422281,0.926175357539342,1.20358601003127
"lead",0.807645200768841,0.263034405833794,1.06069222761023,0.923377887834148,1.21842640649721
"lead",0.839191776058378,0.263034405833794,1.06525859131409,0.920732669986758,1.2324705132759
"lead",0.870738351347915,0.263034405833794,1.06945005916213,0.918263456952514,1.2455286338385
"lead",0.902284926637453,0.263034405833794,1.07326705113679,0.915978840260192,1.2575641624305
"lead",0.933831501926991,0.263034405833794,1.07671761263537,0.913880871736377,1.26856886188731
"lead",0.965378077216528,0.263034405833794,1.07981032834296,0.911967837250582,1.2785432748499
"lead",0.996924652506066,0.263034405833794,1.08255428745023,0.910235304115053,1.28749542011693
"lead",1.0284712277956,0.263034405833794,1.08495904890112,0.908676825648371,1.29543981376712
"lead",1.06001780308514,0.263034405833794,1.08703460682373,0.907284421873022,1.3023966993647
"lead",1.09156437837468,0.263034405833794,1.08879135628875,0.906048911097151,1.30839141574993
"lead",1.12311095366422,0.263034405833794,1.09024005953158,0.904960140511328,1.31345385746583
"lead",1.15465752895375,0.263034405833794,1.09139181276564,0.904007147554047,1.31761799914381
"lead",1.18620410424329,0.263034405833794,1.09225801370488,0.903178273529392,1.3209214653055
"lead",1.21775067953283,0.263034405833794,1.09285032990521,0.902461244417685,1.32340513341884
"lead",1.24929725482237,0.263034405833794,1.09318066802475,0.901843229604457,1.3251127620786
"lead",1.2808438301119,0.263034405833794,1.09326114409458,0.901310886521309,1.32609063871407
"lead",1.31239040540144,0.263034405833794,1.09310405488201,0.900850397425966,1.32638724278044
"lead",1.34393698069098,0.263034405833794,1.09272185042036,0.900447503419034,1.3260529213
"lead",1.37548355598052,0.263034405833794,1.09212710777028,0.900087540087261,1.32513957410303
"lead",1.40703013127005,0.263034405833794,1.09133250606952,0.89975547873155,1.32370034632411
"lead",1.43857670655959,0.263034405833794,1.09035080292027,0.899435976873021,1.32178932575289
"lead",1.47012328184913,0.263034405833794,1.08919481215538,0.899113441548536,1.31946124260245
"lead",1.50166985713867,0.263034405833794,1.08787738301759,0.898772108728475,1.31677116922944
"lead",1.5332164324282,0.263034405833794,1.08641138077923,0.898396141948006,1.31377421738188
"lead",1.56476300771774,0.263034405833794,1.08480966882318,0.89796975286195,1.31052523074591
"lead",1.59630958300728,0.263034405833794,1.0830850922001,0.897477345849164,1.30707847097374
"lead",1.62785615829682,0.263034405833794,1.08125046267139,0.896903687940725,1.3034872960678
"lead",1.65940273358635,0.263034405833794,1.07931854524217,0.896234104180439,1.29980383101906
"lead",1.69094930887589,0.263034405833794,1.07730204618412,0.895454697025849,1.29607863197014
"lead",1.72249588416543,0.263034405833794,1.07521360254392,0.894552586579623,1.29236034688115
"lead",1.75404245945497,0.263034405833794,1.07306577312921,0.893516166377675,1.28869537764434
"lead",1.7855890347445,0.263034405833794,1.07087103096123,0.892335367283352,1.28512755069119
"lead",1.81713561003404,0.263034405833794,1.06864175718013,0.891001919940618,1.28169780516875
"lead",1.84868218532358,0.263034405833794,1.06639023638722,0.889509604474841,1.27844390947681
"lead",1.88022876061312,0.263034405833794,1.06412865340646,0.887854474964002,1.27540021808931
"lead",1.91177533590265,0.263034405833794,1.06186818304394,0.886035036047428,1.27259531766493
"lead",1.94332191119219,0.263034405833794,1.05961248978282,0.884051836243327,1.27003709790916
"lead",1.97486848648173,0.263034405833794,1.05736158822011,0.881906307439686,1.2677237012729
"lead",2.00641506177127,0.263034405833794,1.05511546817697,0.879600485799602,1.26565261065571
"lead",2.0379616370608,0.263034405833794,1.05287411949615,0.877136989204714,1.26382073170792
"lead",2.06950821235034,0.263034405833794,1.05063753204199,0.874518986794623,1.26222442325832
"lead",2.10105478763988,0.263034405833794,1.04840569570039,0.87175016081018,1.26085953543789
"lead",2.13260136292942,0.263034405833794,1.0461786003787,0.868834661951098,1.25972145428971
"lead",2.16414793821895,0.263034405833794,1.04395623600572,0.865777059623432,1.25880515148929
"lead",2.19569451350849,0.263034405833794,1.04173859253163,0.862582288540317,1.25810523771155
"lead",2.22724108879803,0.263034405833794,1.039525659928,0.859255593149775,1.25761601817165
"lead",2.25878766408757,0.263034405833794,1.03731742818766,0.855802471314765,1.2573315489131
"lead",2.2903342393771,0.263034405833794,1.0351138873247,0.852228618552991,1.25724569253694
"lead",2.32188081466664,0.263034405833794,1.03291502737446,0.84853987399338,1.25735217221425
"lead",2.35342738995618,0.263034405833794,1.03072083839341,0.844742169018589,1.25764462301283
"lead",2.38497396524572,0.263034405833794,1.02853131045917,0.840841479363834,1.2581166397681
"lead",2.41652054053526,0.263034405833794,1.02634643367041,0.836843781241632,1.25876182092798
"lead",2.44806711582479,0.263034405833794,1.02416619814686,0.832755011867169,1.25957380799757
"lead",2.47961369111433,0.263034405833794,1.02199059402921,0.828581034582685,1.26054632038521
"lead",2.51116026640387,0.263034405833794,1.01981961147912,0.824327608627361,1.26167318560305
"lead",2.5427068416934,0.263034405833794,1.01765324067915,0.820000363467345,1.26294836490767
"lead",2.57425341698294,0.263034405833794,1.01549147183269,0.815604777499237,1.26436597456773
"lead",2.60579999227248,0.263034405833794,1.01333429516394,0.811146160863576,1.26592030302181
"lead",2.63734656756202,0.263034405833794,1.01118170091791,0.806629642050537,1.26760582424415
"lead",2.66889314285156,0.263034405833794,1.0090336793603,0.802060157946121,1.26941720767008
"lead",2.70043971814109,0.263034405833794,1.00689022077747,0.797442446951939,1.27134932504841
"cadmium",-3.83650126771712,-1.73696559416621,1.72908317024698,0.742250374415055,4.02792469048933
"cadmium",-3.8001156048417,-1.73696559416621,1.68152092560423,0.742519171856983,3.80799948393727
"cadmium",-3.76372994196627,-1.73696559416621,1.63526698535909,0.742704252304966,3.60048849202951
"cadmium",-3.72734427909085,-1.73696559416621,1.59028536171473,0.742796256990882,3.40471227188101
"cadmium",-3.69095861621542,-1.73696559416621,1.546541056798,0.742784479542299,3.22003125568226
"cadmium",-3.65457295334,-1.73696559416621,1.50400003542945,0.742656626507732,3.04584383392456
"cadmium",-3.61818729046457,-1.73696559416621,1.46262919864224,0.742398528243855,2.88158460898533
"cadmium",-3.58180162758915,-1.73696559416621,1.42239635792961,0.741993788852111,2.7267228236255
"cadmium",-3.54541596471372,-1.73696559416621,1.38327021020061,0.741423361269528,2.58076097191233
"cadmium",-3.5090303018383,-1.73696559416621,1.34522031342486,0.740665030590316,2.44323360346661
"cadmium",-3.47264463896287,-1.73696559416621,1.30821706294712,0.739692785294407,2.31370633567124
"cadmium",-3.43625897608745,-1.73696559416621,1.27223166845344,0.738476052531203,2.19177509232426
"cadmium",-3.39987331321202,-1.73696559416621,1.23723613157098,0.736978770527145,2.07706559060012
"cadmium",-3.3634876503366,-1.73696559416621,1.20320322408381,0.735158269739561,1.96923309991269
"cadmium",-3.32710198746117,-1.73696559416621,1.17010646674816,0.732963936835528,1.8679624940853
"cadmium",-3.29071632458575,-1.73696559416621,1.13792010869022,0.730335646053693,1.7729686080068
"cadmium",-3.25433066171033,-1.73696559416621,1.10661910737072,0.727201968145822,1.68399688455244
"cadmium",-3.2179449988349,-1.73696559416621,1.07617910910066,0.723478219605688,1.60082424526328
"cadmium",-3.18155933595948,-1.73696559416621,1.0465764411044,0.719064516512481,1.52326004401824
"cadmium",-3.14517367308405,-1.73696559416621,1.01781556794987,0.713856253834961,1.45120046899612
"cadmium",-3.10878801020863,-1.73696559416621,0.989983124656599,0.707776404338767,1.38471215075397
"cadmium",-3.0724023473332,-1.73696559416621,0.963170577244222,0.700758646825491,1.32384746884185
"cadmium",-3.03601668445778,-1.73696559416621,0.937457272571204,0.692749928010968,1.26860516668682
"cadmium",-2.99963102158235,-1.73696559416621,0.912911679459857,0.683722621606988,1.21892666434733
"cadmium",-2.96324535870693,-1.73696559416621,0.889592669738975,0.673688705670032,1.17468960276874
"cadmium",-2.9268596958315,-1.73696559416621,0.867550822074766,0.662713512699132,1.13570104496164
"cadmium",-2.89047403295608,-1.73696559416621,0.846829735452148,0.650925386862244,1.10169401181724
"cadmium",-2.85408837008065,-1.73696559416621,0.827467343055034,0.638517513905191,1.07233112469367
"cadmium",-2.81770270720523,-1.73696559416621,0.809497221049578,0.625739940788875,1.0472173952343
"cadmium",-2.78131704432981,-1.73696559416621,0.792949890394253,0.612882942357625,1.02592107761642
"cadmium",-2.74493138145438,-1.73696559416621,0.777854113300642,0.600255835228488,1.00799856672516
"cadmium",-2.70854571857896,-1.73696559416621,0.764238189383793,0.588166467182277,0.993018206071265
"cadmium",-2.67216005570353,-1.73696559416621,0.752131259923811,0.576905553941122,0.980578932357295
"cadmium",-2.63577439282811,-1.73696559416621,0.741564632082191,0.566737776682784,0.97032194813969
"cadmium",-2.59938872995268,-1.73696559416621,0.732573138467132,0.557899429743547,0.961935744315557
"cadmium",-2.56300306707726,-1.73696559416621,0.725196551232046,0.550601181803674,0.955156028172811
"cadmium",-2.52661740420183,-1.73696559416621,0.719481074054493,0.545034214404092,0.949762422692267
"cadmium",-2.49023174132641,-1.73696559416621,0.715480940039983,0.541378278622008,0.94557354030437
"cadmium",-2.45384607845098,-1.73696559416621,0.713260149021569,0.539810698054743,0.942441567044822
"cadmium",-2.41746041557556,-1.73696559416621,0.712894384118696,0.540515818379692,0.940247048516481
"cadmium",-2.38107475270013,-1.73696559416621,0.714473155067279,0.54369477308711,0.938894237318712
"cadmium",-2.34468908982471,-1.73696559416621,0.718102225094711,0.549575695710785,0.938307151700076
"cadmium",-2.30830342694928,-1.73696559416621,0.723903694760274,0.558420739545771,0.938426032875922
"cadmium",-2.27191776407386,-1.73696559416621,0.731897941378476,0.570357929592924,0.939190232660343
"cadmium",-2.23553210119843,-1.73696559416621,0.741949604322312,0.585294146501381,0.940534291423562
"cadmium",-2.19914643832301,-1.73696559416621,0.753917527267556,0.603127937740525,0.942406415545215
"cadmium",-2.16276077544759,-1.73696559416621,0.767662319538444,0.623758158514458,0.94476589812089
"cadmium",-2.12637511257216,-1.73696559416621,0.783041825614278,0.647074100683546,0.947580037608717
"cadmium",-2.08998944969674,-1.73696559416621,0.799906912456522,0.672945256733913,0.950821871754015
"cadmium",-2.05360378682131,-1.73696559416621,0.818097552948393,0.701210834440524,0.954468432699204
"cadmium",-2.01721812394589,-1.73696559416621,0.837439212620857,0.73166920643636,0.958499317267685
"cadmium",-1.98083246107046,-1.73696559416621,0.857739573825979,0.764067587664615,0.962895414469685
"cadmium",-1.94444679819504,-1.73696559416621,0.878785656715443,0.798092373962542,0.967637651534606
"cadmium",-1.90806113531961,-1.73696559416621,0.900341419519536,0.833360741659545,0.97270561376362
"cadmium",-1.87167547244419,-1.73696559416621,0.922145941078249,0.869414298374984,0.978075858927647
"cadmium",-1.83528980956876,-1.73696559416621,0.943912305402896,0.905715790376417,0.983719672062602
"cadmium",-1.79890414669334,-1.73696559416621,0.965327320007618,0.941650122058884,0.989599866153704
"cadmium",-1.76251848381791,-1.73696559416621,0.986052205381633,0.976531258689097,0.995665979031949
"cadmium",-1.72613282094249,-1.73696559416621,1.00572607567071,1.00184689021727,1.00962028146301
"cadmium",-1.68974715806706,-1.73696559416621,1.02410262426793,1.00805329914836,1.04040747242087
"cadmium",-1.65336149519164,-1.73696559416621,1.04116246031044,1.01419519838372,1.06884677672233
"cadmium",-1.61697583231622,-1.73696559416621,1.05691877417706,1.02017512581554,1.09498581855242
"cadmium",-1.58059016944079,-1.73696559416621,1.07139508421184,1.02588734110538,1.11892152332873
"cadmium",-1.54420450656537,-1.73696559416621,1.08462459475334,1.0312192996874,1.14079566965092
"cadmium",-1.50781884368994,-1.73696559416621,1.09664949995745,1.03605442096252,1.16078856614468
"cadmium",-1.47143318081452,-1.73696559416621,1.10752025037157,1.04027638447548,1.17911078564142
"cadmium",-1.43504751793909,-1.73696559416621,1.11729479851499,1.04377498234352,1.19599309037454
"cadmium",-1.39866185506367,-1.73696559416621,1.1260378387708,1.04645322265838,1.21167500552248
"cadmium",-1.36227619218824,-1.73696559416621,1.13382005575321,1.04823497914336,1.22639288366314
"cadmium",-1.32589052931282,-1.73696559416621,1.14071739403813,1.04907215173129,1.24036861612779
"cadmium",-1.28950486643739,-1.73696559416621,1.14681036078407,1.04895020232002,1.25380022873616
"cadmium",-1.25311920356197,-1.73696559416621,1.15218337137586,1.04789115613349,1.26685535373096
"cadmium",-1.21673354068654,-1.73696559416621,1.1569241468386,1.04595366556887,1.27966804419607
"cadmium",-1.18034787781112,-1.73696559416621,1.16112317043289,1.04323033831166,1.292338774482
"cadmium",-1.14396221493569,-1.73696559416621,1.16487320958894,1.03984301679146,1.30493696885611
"cadmium",-1.10757655206027,-1.73696559416621,1.16826890819539,1.0359369245966,1.31750515832567
"cadmium",-1.07119088918485,-1.73696559416621,1.1714064532516,1.03167456113511,1.33006388876132
"cadmium",-1.03480522630942,-1.73696559416621,1.17438331903866,1.02723001865331,1.34261670219134
"cadmium",-0.998419563433996,-1.73696559416621,1.17729809127985,1.02278413008311,1.35515477309815
"cadmium",-0.962033900558571,-1.73696559416621,1.18025037325569,1.0185206167368,1.36766101802941
"cadmium",-0.925648237683147,-1.73696559416621,1.18333874821613,1.01462016685751,1.38011310909254
"cadmium",-0.889262574807722,-1.73696559416621,1.18661343538479,1.0111858398838,1.39247543774693
"cadmium",-0.852876911932297,-1.73696559416621,1.19007417188121,1.00823534794307,1.40470827319051
"cadmium",-0.816491249056873,-1.73696559416621,1.19371840967471,1.00577439162579,1.41678258410709
"cadmium",-0.780105586181448,-1.73696559416621,1.19754363637341,1.00380245297176,1.42867827905058
"cadmium",-0.743719923306023,-1.73696559416621,1.2015473701064,1.002314448736,1.44038239140448
"cadmium",-0.707334260430598,-1.73696559416621,1.20572715449809,1.00130190613626,1.4518877495238
"cadmium",-0.670948597555174,-1.73696559416621,1.21008055372906,1.00075380006587,1.46319199229306
"cadmium",-0.634562934679749,-1.73696559416621,1.21460514767876,1.00065714879326,1.47429683238343
"cadmium",-0.598177271804325,-1.73696559416621,1.21929852714527,1.00099743627372,1.48520749846565
"cadmium",-0.5617916089289,-1.73696559416621,1.22415828913813,1.00175890932891,1.49593230757439
"cadmium",-0.525405946053475,-1.73696559416621,1.2291820322404,1.00292478425439,1.50648233257679
"cadmium",-0.48902028317805,-1.73696559416621,1.23436735203665,1.00447738794104,1.51687113922708
"cadmium",-0.452634620302626,-1.73696559416621,1.23971183660382,1.00639825200857,1.52711457392567
"cadmium",-0.416248957427201,-1.73696559416621,1.2452130620625,1.00866817385417,1.53723058794085
"cadmium",-0.379863294551777,-1.73696559416621,1.25086858818615,1.01126725529813,1.54723908710911
"cadmium",-0.343477631676352,-1.73696559416621,1.25667595406658,1.0141749272403,1.55716179833635
"cadmium",-0.307091968800927,-1.73696559416621,1.26263267383397,1.01736996714174,1.56702214584934
"cadmium",-0.270706305925502,-1.73696559416621,1.26873623243037,1.02083051499512,1.57684513132848
"cadmium",-0.234320643050077,-1.73696559416621,1.27498408143578,1.02453409260681,1.58665721291766
"cadmium",-0.197934980174653,-1.73696559416621,1.28137363494629,1.02845763036135,1.59648617878266
"cadmium",-0.161549317299228,-1.73696559416621,1.28790226550395,1.03257750509711,1.60636101145183
"cadmium",-0.125163654423804,-1.73696559416621,1.2945673000789,1.03686959221061,1.61631173970542
"cadmium",-0.0887779915483788,-1.73696559416621,1.30136601610378,1.04130933458345,1.62636927531941
"cadmium",-0.0523923286729544,-1.73696559416621,1.3082956375615,1.04587183033855,1.63656523257578
"cadmium",-0.0160066657975295,-1.73696559416621,1.31535333112742,1.05053194075482,1.64693172914367
"cadmium",0.0203789970778949,-1.73696559416621,1.32253620236726,1.05526441888203,1.65750116774056
"cadmium",0.0567646599533198,-1.73696559416621,1.32984129199276,1.06004405850338,1.66830599889007
"cadmium",0.0931503228287442,-1.73696559416621,1.33726557217668,1.06484586209865,1.67937846610457
"cadmium",0.129535985704169,-1.73696559416621,1.34480594293019,1.06964522540888,1.69075033588736
"cadmium",0.165921648579594,-1.73696559416621,1.35245922854457,1.07441813513951,1.70245261602724
"cadmium",0.202307311455018,-1.73696559416621,1.36022217410063,1.07914137533232,1.7145152666816
"cadmium",0.238692974330443,-1.73696559416621,1.36809144204938,1.08379273706226,1.72696690963451
"cadmium",0.275078637205868,-1.73696559416621,1.3760636088666,1.08835122545649,1.73983454178844
"cadmium",0.311464300081292,-1.73696559416621,1.38413516178625,1.09279725765749,1.7531432593451
"cadmium",0.347849962956717,-1.73696559416621,1.39230249561623,1.09711284532588,1.76691599916815
"cadmium",0.384235625832142,-1.73696559416621,1.4005619096409,1.10128175560587,1.78117330351834
"cadmium",0.420621288707567,-1.73696559416621,1.40890960461563,1.10528964520157,1.79593311363752
"cadmium",0.457006951582991,-1.73696559416621,1.41734167985746,1.10912416323592,1.81121059665695
"cadmium",0.493392614458416,-1.73696559416621,1.425854130438,1.11277501986345,1.82701800902807
"cadmium",0.529778277333841,-1.73696559416621,1.43444284448378,1.11623401907602,1.84336459821744
"cadmium",0.566163940209266,-1.73696559416621,1.44310360058926,1.11949505562732,1.86025654295249
"cadmium",0.60254960308469,-1.73696559416621,1.45183206534945,1.12255407747408,1.87769693084163
"cadmium",0.638935265960114,-1.73696559416621,1.46062379101776,1.12540901638928,1.89568577096696
"cadmium",0.675320928835539,-1.73696559416621,1.46947421329546,1.12805969045706,1.91422003800651
"cadmium",0.711706591710964,-1.73696559416621,1.47837932126818,1.13050829805296,1.93329444933539
"cadmium",0.748092254586388,-1.73696559416621,1.48733839513624,1.13276131953952,1.95290522680074
"cadmium",0.784477917461813,-1.73696559416621,1.49635176156872,1.13482640833669,1.9730494266798
"cadmium",0.820863580337238,-1.73696559416621,1.50541974958214,1.13671120666606,1.99372418354079
"cadmium",0.857249243212663,-1.73696559416621,1.51454269018664,1.13842329263044,2.01492676339892
"cadmium",0.893634906088088,-1.73696559416621,1.52372091639863,1.1399701355598,2.03665460931618
"cadmium",0.930020568963512,-1.73696559416621,1.53295476325229,1.14135905878715,2.05890537958757
"cadmium",0.966406231838937,-1.73696559416621,1.54224456781247,1.14259720930446,2.08167697905981
"cadmium",1.00279189471436,-1.73696559416621,1.55159066918636,1.14369153366561,2.10496758421407
"cadmium",1.03917755758979,-1.73696559416621,1.56099340853631,1.14464875948038,2.12877566267572
"cadmium",1.07556322046521,-1.73696559416621,1.57045312909208,1.14547538184592,2.15309998779778
"cadmium",1.11194888334064,-1.73696559416621,1.57997017616348,1.14617765407368,2.17793964896613
"cadmium",1.14833454621606,-1.73696559416621,1.5895448971528,1.14676158211645,2.20329405821334
"cadmium",1.18472020909149,-1.73696559416621,1.59917764156778,1.14723292212031,2.22916295373025
"cadmium",1.22110587196691,-1.73696559416621,1.60886876103404,1.14759718060262,2.25554640076057
"cadmium",1.25749153484233,-1.73696559416621,1.61861860930827,1.14785961679017,2.28244479035277
"cadmium",1.29387719771776,-1.73696559416621,1.62842754229074,1.14802524671078,2.30985883637028
"cadmium",1.33026286059318,-1.73696559416621,1.63829591803856,1.14809884867183,2.33778957113911
"cadmium",1.36664852346861,-1.73696559416621,1.64822409677889,1.14808496983176,2.36623834000779
"cadmium",1.40303418634403,-1.73696559416621,1.65821244092142,1.1479879335791,2.39520679512187
"cadmium",1.43941984921946,-1.73696559416621,1.66826131507266,1.14781184750483,2.42469688862158
"cadmium",1.47580551209488,-1.73696559416621,1.67837108604816,1.14756061177191,2.45471086545309
"cadmium",1.51219117497031,-1.73696559416621,1.6885421228867,1.14723792771871,2.48525125597294
"cadmium",1.54857683784573,-1.73696559416621,1.69877479686322,1.14684730657961,2.51632086843756
"cadmium",1.58496250072116,-1.73696559416621,1.70906948150288,1.14639207819194,2.54792278154201
