"contrast","estimate","robust_se","ci_low","ci_high","z","p_value","scenario","n","events","scale","scaling","p_holm_within_scenario"
"delta_pfas",0.047456572364728,0.0100695064496109,0.0277207023813968,0.0671924423480591,4.71289954499823,2.44216606253772e-06,"primary_per_doubling",8705,1266,1,"per_doubling",NA
"delta_lead",-0.00409851201384199,0.00952721304963239,-0.0227715064641615,0.0145744824364775,-0.430190024353463,0.667057417955454,"primary_per_doubling",8705,1266,1,"per_doubling",NA
"delta_cadmium",-0.00631995025975238,0.00677081952956883,-0.0195905126835277,0.00695061216402296,-0.933409941315455,0.350608349475148,"primary_per_doubling",8705,1266,1,"per_doubling",NA
"pfas_minus_lead",0.0515550843785699,0.0157247122765235,0.0207352146493291,0.0823749541078108,3.27860271602807,0.0010432239039507,"primary_per_doubling",8705,1266,NA,"per_doubling",0.0010432239039507
"pfas_minus_cadmium",0.0537765226244803,0.0126828645815632,0.0289185648238178,0.0786344804251428,4.24009278650299,2.23427411907991e-05,"primary_per_doubling",8705,1266,NA,"per_doubling",4.46854823815981e-05
"delta_pfas",0.0703321658814641,0.0149233322734636,0.0410829720961512,0.0995813596667769,4.71289954499824,2.44216606253759e-06,"weighted_iqr_log2",8705,1266,1.48203214806425,"weighted_iqr_log2",NA
"delta_lead",-0.00535536719277511,0.0124488409530736,-0.0297546471100667,0.0190439127245164,-0.430190024353462,0.667057417955454,"weighted_iqr_log2",8705,1266,1.30666133823405,"weighted_iqr_log2",NA
"delta_cadmium",-0.00954920417421304,0.0102304504714781,-0.0296005186439309,0.0105021102955049,-0.933409941315454,0.350608349475148,"weighted_iqr_log2",8705,1266,1.51096191927738,"weighted_iqr_log2",NA
"pfas_minus_lead",0.0756875330742392,0.0220088351980361,0.032551008744411,0.118824057404067,3.43896132590392,0.000583950650006097,"weighted_iqr_log2",8705,1266,NA,"weighted_iqr_log2",0.000583950650006097
"pfas_minus_cadmium",0.0798813700556771,0.0189171458906469,0.0428044454197193,0.116958294691635,4.2226967280076,2.4139653721761e-05,"weighted_iqr_log2",8705,1266,NA,"weighted_iqr_log2",4.8279307443522e-05
"delta_pfas",0.0619999168952155,0.0118531635744319,0.038768143186467,0.085231690603964,5.23066407595638,1.68902188820156e-07,"reduced_demographic_base",8705,1266,1,"per_doubling",NA
"delta_lead",-0.000735811416766222,0.011387016071456,-0.0230539528081988,0.0215823299746663,-0.0646184577372021,0.94847778827409,"reduced_demographic_base",8705,1266,1,"per_doubling",NA
"delta_cadmium",-0.0106751889212956,0.00670958718477462,-0.0238257381545853,0.00247536031199414,-1.59103513037579,0.111601669891398,"reduced_demographic_base",8705,1266,1,"per_doubling",NA
"pfas_minus_lead",0.0627357283119817,0.0180490115863952,0.027360315646101,0.0981111409778624,3.47585395530856,0.000509229514643695,"reduced_demographic_base",8705,1266,NA,"per_doubling",0.000509229514643695
"pfas_minus_cadmium",0.0726751058165111,0.0141508150609944,0.044940017945075,0.100410193687947,5.13575405397206,2.81014970364481e-07,"reduced_demographic_base",8705,1266,NA,"per_doubling",5.62029940728963e-07
"delta_pfas",0.0436109018331095,0.00963016484484471,0.0247361255720301,0.0624856780941889,4.52857272287043,5.93834435154815e-06,"pre_2015_overlap_cycles",7333,1236,1,"per_doubling",NA
"delta_lead",-0.00414440064226781,0.00920896223226349,-0.0221936349524938,0.0139048336679582,-0.450039921734932,0.652681655110748,"pre_2015_overlap_cycles",7333,1236,1,"per_doubling",NA
"delta_cadmium",-0.00638849210908127,0.00660832851855626,-0.0193405780034605,0.00656359378529792,-0.966733432083819,0.333677309651976,"pre_2015_overlap_cycles",7333,1236,1,"per_doubling",NA
"pfas_minus_lead",0.0477553024753773,0.0150986628933125,0.0181624669897735,0.0773481379609812,3.16288288657197,0.00156215160987337,"pre_2015_overlap_cycles",7333,1236,NA,"per_doubling",0.00156215160987337
"pfas_minus_cadmium",0.0499993939421908,0.0120335589367546,0.0264140518203116,0.07358473606407,4.15499639009332,3.25292678035086e-05,"pre_2015_overlap_cycles",7333,1236,NA,"per_doubling",6.50585356070173e-05
